LogID,Timestamp,EventID,EventDescription,Username,Computer,SourceIP,TargetObject,ProcessName,AdditionalInfo,Severity,IsMalicious
1001,2024-10-23 15:07:29,4625,An account failed to log on,CORP.LOCAL\anita.patel,WS-LEG-006,192.168.5.181,,,BadPasswordCount=1,Low,False
1002,2024-10-03 15:50:01,4663,An attempt was made to access an object,CORP.LOCAL\mike.chen,WS-FIN-005,192.168.5.58,C:\Users\mike.chen\Documents\Meeting_Notes.docx,,,Info,False
1003,2024-10-08 14:36:53,4624,An account was successfully logged on,CORP.LOCAL\david.jones,WS-IT-003,192.168.6.60,,,,Info,False
1004,2024-10-07 01:59:36,4624,An account was successfully logged on,CORP.LOCAL\sara.kim,WS-SAL-004,192.168.7.95,,,LogonType=3 | OffHoursLogin=True,Medium,True
1005,2024-10-09 11:28:37,4634,An account was logged off,CORP.LOCAL\emily.brown,WS-MAR-008,192.168.1.196,,,,Info,False
1006,2024-10-05 13:23:27,4688,A new process has been created,CORP.LOCAL\david.jones,WS-IT-003,192.168.4.137,,word.exe,,Info,False
1007,2024-10-15 11:52:58,4688,A new process has been created,CORP.LOCAL\john.smith,WS-FIN-001,192.168.6.80,,chrome.exe,,Info,False
1008,2024-10-03 12:02:59,4624,An account was successfully logged on,CORP.LOCAL\john.smith,WS-FIN-001,192.168.10.123,,,,Info,False
1009,2024-10-17 23:38:04,4688,A new process has been created,CORP.LOCAL\ravi.kumar,WS-IT-007,192.168.1.254,,mimikatz.exe,CommandLine=mimikatz.exe /dump | ParentProcess=powershell.exe,Critical,True
1010,2024-10-14 17:37:46,4624,An account was successfully logged on,CORP.LOCAL\priya.rao,WS-HR-002,192.168.9.241,,,,Info,False
1011,2024-10-08 02:40:19,4663,An attempt was made to access an object,CORP.LOCAL\sara.kim,WS-SAL-004,192.168.5.170,C:\Finance\Payroll_Oct2024.xlsx,,AccessMask=0x2 | ReadData=True,High,True
1012,2024-10-28 11:30:13,4663,An attempt was made to access an object,CORP.LOCAL\anita.patel,WS-LEG-006,192.168.6.79,C:\Users\anita.patel\Downloads\Report.pdf,,,Info,False
1013,2024-10-06 09:32:41,4688,A new process has been created,CORP.LOCAL\john.smith,WS-FIN-001,192.168.1.65,,word.exe,,Info,False
1014,2024-10-08 17:19:05,4624,An account was successfully logged on,CORP.LOCAL\emily.brown,WS-MAR-008,192.168.3.209,,,,Info,False
1015,2024-10-01 15:42:31,4663,An attempt was made to access an object,CORP.LOCAL\emily.brown,WS-MAR-008,192.168.1.138,C:\Users\emily.brown\Downloads\Report.pdf,,,Info,False
1016,2024-10-14 14:45:40,4663,An attempt was made to access an object,CORP.LOCAL\david.jones,WS-IT-003,192.168.5.31,C:\Users\david.jones\Downloads\Report.pdf,,,Info,False
1017,2024-10-05 10:16:03,4663,An attempt was made to access an object,CORP.LOCAL\priya.rao,WS-HR-002,192.168.7.136,C:\Users\Public\Documents\Template.docx,,,Info,False
1018,2024-10-28 05:03:31,4688,A new process has been created,CORP.LOCAL\ravi.kumar,WS-IT-007,192.168.10.44,,cmd.exe,CommandLine=cmd.exe /dump | ParentProcess=powershell.exe,Critical,True
1019,2024-10-22 15:01:24,4663,An attempt was made to access an object,CORP.LOCAL\ravi.kumar,WS-IT-007,192.168.7.46,C:\HR\Performance_Reviews_2024.docx,,AccessMask=0x40 | WriteData=True,High,True
1020,2024-10-05 02:41:43,4624,An account was successfully logged on,CORP.LOCAL\ravi.kumar,WS-IT-007,192.168.7.200,,,LogonType=10 | OffHoursLogin=True | RDP=True,Medium,True
1021,2024-10-06 16:28:57,4688,A new process has been created,CORP.LOCAL\emily.brown,WS-MAR-008,192.168.8.117,,excel.exe,,Info,False
1022,2024-10-23 16:21:22,4672,Special privileges assigned to new logon,CORP.LOCAL\mike.chen,WS-FIN-005,192.168.8.71,,,,Low,False
1023,2024-10-12 13:16:05,4625,An account failed to log on,CORP.LOCAL\sara.kim,DC01,192.168.2.169,,,TargetUser=CORP.LOCAL\david.jones | FailureReason=WrongPassword,High,True
1024,2024-10-02 13:55:49,4624,An account was successfully logged on,CORP.LOCAL\david.jones,WS-IT-003,192.168.4.75,,,,Info,False
1025,2024-10-27 14:05:14,4624,An account was successfully logged on,CORP.LOCAL\priya.rao,WS-HR-002,192.168.1.143,,,,Info,False
1026,2024-10-05 17:11:49,4624,An account was successfully logged on,CORP.LOCAL\anita.patel,WS-LEG-006,192.168.9.165,,,,Info,False
1027,2024-10-21 13:37:19,4624,An account was successfully logged on,CORP.LOCAL\anita.patel,WS-LEG-006,192.168.8.243,,,,Info,False
1028,2024-10-19 17:35:14,4624,An account was successfully logged on,CORP.LOCAL\priya.rao,WS-HR-002,192.168.6.7,,,,Info,False
1029,2024-10-20 10:40:19,4624,An account was successfully logged on,CORP.LOCAL\john.smith,WS-FIN-001,192.168.9.72,,,,Info,False
1030,2024-10-27 14:55:32,4672,Special privileges assigned to new logon,CORP.LOCAL\john.smith,WS-FIN-001,192.168.1.170,,,,Low,False
1031,2024-10-25 12:09:13,4663,An attempt was made to access an object,CORP.LOCAL\priya.rao,WS-HR-002,192.168.6.28,C:\Windows\System32\notepad.exe,,,Info,False
1032,2024-10-18 15:14:22,4663,An attempt was made to access an object,CORP.LOCAL\john.smith,WS-FIN-001,192.168.7.112,C:\Users\john.smith\Documents\Meeting_Notes.docx,,,Info,False
1033,2024-10-18 10:02:22,4688,A new process has been created,CORP.LOCAL\john.smith,WS-FIN-001,192.168.6.210,,word.exe,,Info,False
1034,2024-10-14 08:22:34,4688,A new process has been created,CORP.LOCAL\john.smith,WS-FIN-001,192.168.6.19,,outlook.exe,,Info,False
1035,2024-10-25 13:53:49,4624,An account was successfully logged on,CORP.LOCAL\mike.chen,WS-FIN-005,192.168.9.58,,,,Info,False
1036,2024-10-08 12:10:36,4625,An account failed to log on,CORP.LOCAL\mike.chen,WS-FIN-005,192.168.10.215,,,BadPasswordCount=1,Low,False
1037,2024-10-19 10:21:05,4663,An attempt was made to access an object,CORP.LOCAL\david.jones,WS-IT-003,192.168.3.236,C:\Users\david.jones\Downloads\Report.pdf,,,Info,False
1038,2024-10-06 12:49:23,4634,An account was logged off,CORP.LOCAL\priya.rao,WS-HR-002,192.168.10.157,,,,Info,False
1039,2024-10-13 00:30:23,4688,A new process has been created,CORP.LOCAL\ravi.kumar,WS-IT-007,192.168.3.47,,cmd.exe,CommandLine=cmd.exe /dump | ParentProcess=powershell.exe,Critical,True
1040,2024-10-28 09:51:43,4688,A new process has been created,CORP.LOCAL\priya.rao,WS-HR-002,192.168.6.172,,excel.exe,,Info,False
1041,2024-10-08 10:53:40,4624,An account was successfully logged on,CORP.LOCAL\emily.brown,WS-MAR-008,192.168.1.107,,,,Info,False
1042,2024-10-08 14:07:34,4663,An attempt was made to access an object,CORP.LOCAL\emily.brown,WS-MAR-008,192.168.3.234,C:\Program Files\Office\Word.exe,,,Info,False
1043,2024-10-28 12:12:24,4663,An attempt was made to access an object,CORP.LOCAL\mike.chen,WS-FIN-005,192.168.8.29,C:\Users\mike.chen\Documents\Meeting_Notes.docx,,,Info,False
1044,2024-10-09 14:20:41,4634,An account was logged off,CORP.LOCAL\priya.rao,WS-HR-002,192.168.4.247,,,,Info,False
1045,2024-10-17 14:37:25,4624,An account was successfully logged on,CORP.LOCAL\david.jones,WS-IT-003,192.168.2.64,,,,Info,False
1046,2024-10-26 17:02:46,4634,An account was logged off,CORP.LOCAL\mike.chen,WS-FIN-005,192.168.9.79,,,,Info,False
1047,2024-10-29 17:32:47,4624,An account was successfully logged on,CORP.LOCAL\anita.patel,WS-LEG-006,192.168.4.237,,,,Info,False
1048,2024-10-14 17:04:02,4688,A new process has been created,CORP.LOCAL\david.jones,WS-IT-003,192.168.6.181,,chrome.exe,,Info,False
1049,2024-10-21 09:48:13,4663,An attempt was made to access an object,CORP.LOCAL\anita.patel,WS-LEG-006,192.168.4.69,C:\Users\anita.patel\Downloads\Report.pdf,,,Info,False
1050,2024-10-27 12:32:25,4688,A new process has been created,CORP.LOCAL\priya.rao,WS-HR-002,192.168.9.123,,word.exe,,Info,False
1051,2024-10-13 08:30:54,4663,An attempt was made to access an object,CORP.LOCAL\mike.chen,WS-FIN-005,192.168.7.177,C:\Users\Public\Documents\Template.docx,,,Info,False
1052,2024-10-04 10:06:58,4624,An account was successfully logged on,CORP.LOCAL\david.jones,WS-IT-003,192.168.7.208,,,,Info,False
1053,2024-10-17 16:10:16,4624,An account was successfully logged on,CORP.LOCAL\priya.rao,WS-HR-002,192.168.8.244,,,,Info,False
1054,2024-10-11 13:59:39,4688,A new process has been created,CORP.LOCAL\anita.patel,WS-LEG-006,192.168.3.102,,chrome.exe,,Info,False
1055,2024-10-28 16:16:35,4663,An attempt was made to access an object,CORP.LOCAL\mike.chen,WS-FIN-005,192.168.1.176,C:\Users\mike.chen\Documents\Meeting_Notes.docx,,,Info,False
1056,2024-10-04 17:33:27,4624,An account was successfully logged on,CORP.LOCAL\david.jones,WS-IT-003,192.168.3.142,,,,Info,False
1057,2024-10-08 13:39:14,4663,An attempt was made to access an object,CORP.LOCAL\john.smith,WS-FIN-001,192.168.3.124,C:\Windows\System32\notepad.exe,,,Info,False
1058,2024-10-15 15:30:15,4624,An account was successfully logged on,CORP.LOCAL\emily.brown,WS-MAR-008,192.168.5.108,,,,Info,False
1059,2024-10-15 09:22:59,4624,An account was successfully logged on,CORP.LOCAL\priya.rao,WS-HR-002,192.168.5.246,,,,Info,False
1060,2024-10-21 17:27:17,4688,A new process has been created,CORP.LOCAL\emily.brown,WS-MAR-008,192.168.1.21,,word.exe,,Info,False
1061,2024-10-26 08:40:38,4634,An account was logged off,CORP.LOCAL\emily.brown,WS-MAR-008,192.168.4.183,,,,Info,False
1062,2024-10-16 15:23:37,4648,A logon was attempted using explicit credentials,CORP.LOCAL\ravi.kumar,WS-IT-007,192.168.4.189,WS-SAL-004,,ExplicitCredentials=True | TargetServer=WS-SAL-004,High,True
1063,2024-10-17 16:10:03,4624,An account was successfully logged on,CORP.LOCAL\john.smith,WS-FIN-001,192.168.8.130,,,,Info,False
1064,2024-10-25 22:07:17,4663,An attempt was made to access an object,CORP.LOCAL\sara.kim,WS-SAL-004,192.168.9.212,C:\HR\Employee_Salary_Data.csv,,AccessMask=0x2 | ReadData=True,High,True
1065,2024-10-14 08:28:20,4624,An account was successfully logged on,CORP.LOCAL\priya.rao,WS-HR-002,192.168.2.50,,,,Info,False
1066,2024-10-28 09:57:02,4624,An account was successfully logged on,CORP.LOCAL\priya.rao,WS-HR-002,192.168.1.60,,,,Info,False
1067,2024-10-16 03:46:40,4624,An account was successfully logged on,CORP.LOCAL\sara.kim,WS-SAL-004,192.168.5.243,,,LogonType=3 | OffHoursLogin=True,Medium,True
1068,2024-10-11 12:49:41,4624,An account was successfully logged on,CORP.LOCAL\emily.brown,WS-MAR-008,192.168.9.194,,,,Info,False
1069,2024-10-18 02:43:49,4624,An account was successfully logged on,CORP.LOCAL\sara.kim,WS-SAL-004,192.168.10.141,,,LogonType=3 | OffHoursLogin=True,Medium,True
1070,2024-10-13 12:46:01,4624,An account was successfully logged on,CORP.LOCAL\anita.patel,WS-LEG-006,192.168.8.174,,,,Info,False
1071,2024-10-14 14:22:27,4624,An account was successfully logged on,CORP.LOCAL\mike.chen,WS-FIN-005,192.168.2.170,,,,Info,False
1072,2024-10-02 10:46:28,4688,A new process has been created,CORP.LOCAL\priya.rao,WS-HR-002,192.168.7.95,,outlook.exe,,Info,False
1073,2024-10-25 13:23:28,4634,An account was logged off,CORP.LOCAL\emily.brown,WS-MAR-008,192.168.2.148,,,,Info,False
1074,2024-10-26 11:18:36,4648,A logon was attempted using explicit credentials,CORP.LOCAL\ravi.kumar,WS-IT-007,192.168.5.191,WS-LEG-006,,ExplicitCredentials=True | TargetServer=WS-LEG-006,High,True
1075,2024-10-24 10:56:16,4624,An account was successfully logged on,CORP.LOCAL\anita.patel,WS-LEG-006,192.168.2.112,,,,Info,False
1076,2024-10-22 15:57:18,4624,An account was successfully logged on,CORP.LOCAL\mike.chen,WS-FIN-005,192.168.1.232,,,,Info,False
1077,2024-10-19 11:44:15,4625,An account failed to log on,CORP.LOCAL\mike.chen,WS-FIN-005,192.168.7.61,,,BadPasswordCount=1,Low,False
1078,2024-10-13 09:50:34,4625,An account failed to log on,CORP.LOCAL\sara.kim,DC01,192.168.6.219,,,TargetUser=CORP.LOCAL\ravi.kumar | FailureReason=WrongPassword,High,True
1079,2024-10-27 06:06:47,4663,An attempt was made to access an object,CORP.LOCAL\sara.kim,WS-SAL-004,192.168.4.78,C:\Sales\Client_Database_Full.csv,,AccessMask=0x2 | ReadData=True,High,True
1080,2024-10-16 10:49:40,4663,An attempt was made to access an object,CORP.LOCAL\priya.rao,WS-HR-002,192.168.8.195,C:\Users\Public\Documents\Template.docx,,,Info,False
1081,2024-10-15 20:23:25,4663,An attempt was made to access an object,CORP.LOCAL\sara.kim,WS-SAL-004,192.168.10.178,C:\Sales\Client_Database_Full.csv,,AccessMask=0x2 | ReadData=True,High,True
1082,2024-10-24 11:20:07,4624,An account was successfully logged on,CORP.LOCAL\david.jones,WS-IT-003,192.168.2.186,,,,Info,False
1083,2024-10-04 11:03:42,4634,An account was logged off,CORP.LOCAL\emily.brown,WS-MAR-008,192.168.8.80,,,,Info,False
1084,2024-10-12 11:32:29,4663,An attempt was made to access an object,CORP.LOCAL\john.smith,WS-FIN-001,192.168.1.160,C:\Users\Public\Documents\Template.docx,,,Info,False
1085,2024-10-29 16:29:31,4624,An account was successfully logged on,CORP.LOCAL\david.jones,WS-IT-003,192.168.3.129,,,,Info,False
1086,2024-10-01 16:04:10,4624,An account was successfully logged on,CORP.LOCAL\emily.brown,WS-MAR-008,192.168.4.46,,,,Info,False
1087,2024-10-25 22:47:49,4663,An attempt was made to access an object,CORP.LOCAL\sara.kim,WS-SAL-004,192.168.8.142,C:\Finance\Payroll_Oct2024.xlsx,,AccessMask=0x2 | ReadData=True,High,True
1088,2024-10-04 01:08:48,4624,An account was successfully logged on,CORP.LOCAL\ravi.kumar,WS-IT-007,192.168.4.24,,,LogonType=10 | OffHoursLogin=True | RDP=True,Medium,True
1089,2024-10-08 09:52:48,4624,An account was successfully logged on,CORP.LOCAL\john.smith,WS-FIN-001,192.168.10.87,,,,Info,False
1090,2024-10-25 16:12:57,4624,An account was successfully logged on,CORP.LOCAL\priya.rao,WS-HR-002,192.168.2.137,,,,Info,False
1091,2024-10-23 01:28:46,4663,An attempt was made to access an object,CORP.LOCAL\sara.kim,WS-SAL-004,192.168.8.83,C:\Finance\Payroll_Oct2024.xlsx,,AccessMask=0x2 | ReadData=True,High,True
1092,2024-10-27 16:49:34,4688,A new process has been created,CORP.LOCAL\david.jones,WS-IT-003,192.168.9.11,,explorer.exe,,Info,False
1093,2024-10-14 14:55:39,4624,An account was successfully logged on,CORP.LOCAL\priya.rao,WS-HR-002,192.168.5.244,,,,Info,False
1094,2024-10-20 06:21:53,4624,An account was successfully logged on,CORP.LOCAL\sara.kim,WS-SAL-004,192.168.5.3,,,LogonType=3 | OffHoursLogin=True,Medium,True
1095,2024-10-28 22:06:51,4663,An attempt was made to access an object,CORP.LOCAL\sara.kim,WS-SAL-004,192.168.9.49,C:\HR\Employee_Salary_Data.csv,,AccessMask=0x2 | ReadData=True,High,True
1096,2024-10-07 16:29:17,4688,A new process has been created,CORP.LOCAL\mike.chen,WS-FIN-005,192.168.2.86,,chrome.exe,,Info,False
1097,2024-10-18 03:52:24,4663,An attempt was made to access an object,CORP.LOCAL\sara.kim,WS-SAL-004,192.168.9.169,C:\Legal\Contracts_Confidential.docx,,AccessMask=0x2 | ReadData=True,High,True
1098,2024-10-23 04:02:51,4663,An attempt was made to access an object,CORP.LOCAL\sara.kim,WS-SAL-004,192.168.2.7,C:\HR\Employee_Salary_Data.csv,,AccessMask=0x2 | ReadData=True,High,True
1099,2024-10-12 11:38:51,4663,An attempt was made to access an object,CORP.LOCAL\anita.patel,WS-LEG-006,192.168.4.164,C:\Windows\System32\notepad.exe,,,Info,False
1100,2024-10-01 09:45:06,4625,An account failed to log on,CORP.LOCAL\sara.kim,DC01,192.168.4.111,,,TargetUser=CORP.LOCAL\ravi.kumar | FailureReason=WrongPassword,High,True
1101,2024-10-03 17:16:01,4688,A new process has been created,CORP.LOCAL\john.smith,WS-FIN-001,192.168.4.248,,word.exe,,Info,False
1102,2024-10-06 15:08:27,4624,An account was successfully logged on,CORP.LOCAL\john.smith,WS-FIN-001,192.168.4.139,,,,Info,False
1103,2024-10-02 11:40:14,4663,An attempt was made to access an object,CORP.LOCAL\john.smith,WS-FIN-001,192.168.2.107,C:\Users\john.smith\Downloads\Report.pdf,,,Info,False
1104,2024-10-21 06:28:04,6416,A new external device was recognized by the system,CORP.LOCAL\sara.kim,WS-SAL-004,192.168.2.105,USB\VID_1307&PID_0165\KINGSTON_32GB,,DeviceType=RemovableStorage | CopyDetected=True,High,True
1105,2024-10-15 14:08:55,4663,An attempt was made to access an object,CORP.LOCAL\anita.patel,WS-LEG-006,192.168.3.14,C:\Users\Public\Documents\Template.docx,,,Info,False
1106,2024-10-04 23:08:20,4663,An attempt was made to access an object,CORP.LOCAL\sara.kim,WS-SAL-004,192.168.4.80,C:\HR\Employee_Salary_Data.csv,,AccessMask=0x2 | ReadData=True,High,True
1107,2024-10-13 20:14:51,4663,An attempt was made to access an object,CORP.LOCAL\sara.kim,WS-SAL-004,192.168.3.49,C:\HR\Performance_Reviews_2024.docx,,AccessMask=0x2 | ReadData=True,High,True
1108,2024-10-29 16:59:57,4634,An account was logged off,CORP.LOCAL\priya.rao,WS-HR-002,192.168.5.178,,,,Info,False
1109,2024-10-08 17:36:30,4625,An account failed to log on,CORP.LOCAL\emily.brown,WS-MAR-008,192.168.8.208,,,BadPasswordCount=1,Low,False
1110,2024-10-06 20:18:08,4663,An attempt was made to access an object,CORP.LOCAL\sara.kim,WS-SAL-004,192.168.6.217,C:\Legal\Contracts_Confidential.docx,,AccessMask=0x2 | ReadData=True,High,True
1111,2024-10-06 15:28:21,4663,An attempt was made to access an object,CORP.LOCAL\john.smith,WS-FIN-001,192.168.1.66,C:\Users\john.smith\Documents\Meeting_Notes.docx,,,Info,False
1112,2024-10-21 11:46:42,4624,An account was successfully logged on,CORP.LOCAL\emily.brown,WS-MAR-008,192.168.2.90,,,,Info,False
1113,2024-10-19 13:25:29,4688,A new process has been created,CORP.LOCAL\david.jones,WS-IT-003,192.168.4.180,,explorer.exe,,Info,False
1114,2024-10-26 10:34:16,4624,An account was successfully logged on,CORP.LOCAL\john.smith,WS-FIN-001,192.168.3.254,,,,Info,False
1115,2024-10-10 04:14:34,4663,An attempt was made to access an object,CORP.LOCAL\sara.kim,WS-SAL-004,192.168.3.201,C:\Finance\Q3_Budget_2024.xlsx,,AccessMask=0x2 | ReadData=True,High,True
1116,2024-10-01 20:49:04,4688,A new process has been created,CORP.LOCAL\ravi.kumar,WS-IT-007,192.168.10.19,,mimikatz.exe,CommandLine=mimikatz.exe /dump | ParentProcess=powershell.exe,Critical,True
1117,2024-10-21 00:17:55,6416,A new external device was recognized by the system,CORP.LOCAL\sara.kim,WS-SAL-004,192.168.3.181,USB\VID_1307&PID_0165\KINGSTON_32GB,,DeviceType=RemovableStorage | CopyDetected=True,High,True
1118,2024-10-05 11:36:34,4625,An account failed to log on,CORP.LOCAL\anita.patel,WS-LEG-006,192.168.3.85,,,BadPasswordCount=1,Low,False
1119,2024-10-11 10:00:47,4663,An attempt was made to access an object,CORP.LOCAL\priya.rao,WS-HR-002,192.168.5.147,C:\Windows\System32\notepad.exe,,,Info,False
1120,2024-10-02 16:36:42,4625,An account failed to log on,CORP.LOCAL\emily.brown,WS-MAR-008,192.168.3.239,,,BadPasswordCount=1,Low,False
1121,2024-10-10 09:44:49,4688,A new process has been created,CORP.LOCAL\emily.brown,WS-MAR-008,192.168.10.208,,chrome.exe,,Info,False
1122,2024-10-18 17:23:30,4663,An attempt was made to access an object,CORP.LOCAL\mike.chen,WS-FIN-005,192.168.9.90,C:\Windows\System32\notepad.exe,,,Info,False
1123,2024-10-21 16:12:45,4624,An account was successfully logged on,CORP.LOCAL\priya.rao,WS-HR-002,192.168.10.8,,,,Info,False
1124,2024-10-11 13:29:31,4625,An account failed to log on,CORP.LOCAL\sara.kim,DC01,192.168.5.179,,,TargetUser=CORP.LOCAL\anita.patel | FailureReason=WrongPassword,High,True
1125,2024-10-04 06:06:00,4663,An attempt was made to access an object,CORP.LOCAL\sara.kim,WS-SAL-004,192.168.5.58,C:\IT\Network_Topology_Internal.vsdx,,AccessMask=0x2 | ReadData=True,High,True
1126,2024-10-08 10:30:04,4728,A member was added to a security-enabled global group,CORP.LOCAL\sara.kim,DC01,192.168.7.24,,,GroupName=Domain Admins | MemberAdded=sara.kim,Critical,True
1127,2024-10-27 10:16:58,4625,An account failed to log on,CORP.LOCAL\anita.patel,WS-LEG-006,192.168.8.249,,,BadPasswordCount=1,Low,False
1128,2024-10-07 11:45:21,4624,An account was successfully logged on,CORP.LOCAL\anita.patel,WS-LEG-006,192.168.5.156,,,,Info,False
1129,2024-10-08 09:13:33,4648,A logon was attempted using explicit credentials,CORP.LOCAL\ravi.kumar,WS-IT-007,192.168.7.127,WS-FIN-005,,ExplicitCredentials=True | TargetServer=WS-FIN-005,High,True
1130,2024-10-01 01:49:57,4688,A new process has been created,CORP.LOCAL\ravi.kumar,WS-IT-007,192.168.6.208,,net.exe,CommandLine=net.exe /dump | ParentProcess=powershell.exe,Critical,True
1131,2024-10-15 08:25:54,4663,An attempt was made to access an object,CORP.LOCAL\ravi.kumar,WS-IT-007,192.168.9.193,C:\Legal\Contracts_Confidential.docx,,AccessMask=0x40 | WriteData=True,High,True
1132,2024-10-05 11:17:35,4663,An attempt was made to access an object,CORP.LOCAL\mike.chen,WS-FIN-005,192.168.5.114,C:\Users\Public\Documents\Template.docx,,,Info,False
1133,2024-10-07 15:30:41,4625,An account failed to log on,CORP.LOCAL\emily.brown,WS-MAR-008,192.168.5.84,,,BadPasswordCount=1,Low,False
1134,2024-10-15 09:25:32,4634,An account was logged off,CORP.LOCAL\david.jones,WS-IT-003,192.168.4.57,,,,Info,False
1135,2024-10-26 14:24:42,4624,An account was successfully logged on,CORP.LOCAL\mike.chen,WS-FIN-005,192.168.8.182,,,,Info,False
1136,2024-10-30 23:34:44,4663,An attempt was made to access an object,CORP.LOCAL\sara.kim,WS-SAL-004,192.168.3.144,C:\Finance\Payroll_Oct2024.xlsx,,AccessMask=0x2 | ReadData=True,High,True
1137,2024-10-01 17:20:31,4625,An account failed to log on,CORP.LOCAL\anita.patel,WS-LEG-006,192.168.2.239,,,BadPasswordCount=1,Low,False
1138,2024-10-17 13:27:38,4634,An account was logged off,CORP.LOCAL\anita.patel,WS-LEG-006,192.168.2.100,,,,Info,False
1139,2024-10-26 23:06:43,4663,An attempt was made to access an object,CORP.LOCAL\sara.kim,WS-SAL-004,192.168.3.240,C:\IT\Network_Topology_Internal.vsdx,,AccessMask=0x2 | ReadData=True,High,True
1140,2024-10-10 13:01:23,4663,An attempt was made to access an object,CORP.LOCAL\emily.brown,WS-MAR-008,192.168.3.245,C:\Users\emily.brown\Downloads\Report.pdf,,,Info,False
1141,2024-10-30 15:01:07,4625,An account failed to log on,CORP.LOCAL\sara.kim,DC01,192.168.1.27,,,TargetUser=CORP.LOCAL\john.smith | FailureReason=WrongPassword,High,True
1142,2024-10-26 12:12:02,4624,An account was successfully logged on,CORP.LOCAL\priya.rao,WS-HR-002,192.168.8.11,,,,Info,False
1143,2024-10-17 17:23:07,4648,A logon was attempted using explicit credentials,CORP.LOCAL\ravi.kumar,WS-IT-007,192.168.1.47,WS-HR-002,,ExplicitCredentials=True | TargetServer=WS-HR-002,High,True
1144,2024-10-25 05:08:47,4688,A new process has been created,CORP.LOCAL\ravi.kumar,WS-IT-007,192.168.5.189,,net.exe,CommandLine=net.exe /dump | ParentProcess=powershell.exe,Critical,True
1145,2024-10-24 14:40:19,4625,An account failed to log on,CORP.LOCAL\sara.kim,DC01,192.168.3.15,,,TargetUser=CORP.LOCAL\ravi.kumar | FailureReason=WrongPassword,High,True
1146,2024-10-13 13:27:56,4624,An account was successfully logged on,CORP.LOCAL\emily.brown,WS-MAR-008,192.168.2.206,,,,Info,False
1147,2024-10-13 14:11:08,4624,An account was successfully logged on,CORP.LOCAL\david.jones,WS-IT-003,192.168.8.193,,,,Info,False
1148,2024-10-27 14:57:25,4663,An attempt was made to access an object,CORP.LOCAL\john.smith,WS-FIN-001,192.168.6.246,C:\Users\john.smith\Downloads\Report.pdf,,,Info,False
1149,2024-10-16 11:45:37,4634,An account was logged off,CORP.LOCAL\anita.patel,WS-LEG-006,192.168.2.232,,,,Info,False
1150,2024-10-29 04:54:32,6416,A new external device was recognized by the system,CORP.LOCAL\sara.kim,WS-SAL-004,192.168.2.36,USB\VID_058F&PID_6387\GENERIC_USB_8GB,,DeviceType=RemovableStorage | CopyDetected=True,High,True
1151,2024-10-30 14:01:29,4688,A new process has been created,CORP.LOCAL\mike.chen,WS-FIN-005,192.168.2.222,,explorer.exe,,Info,False
1152,2024-10-26 16:23:05,4663,An attempt was made to access an object,CORP.LOCAL\emily.brown,WS-MAR-008,192.168.7.5,C:\Users\emily.brown\Documents\Meeting_Notes.docx,,,Info,False
1153,2024-10-21 15:04:36,4624,An account was successfully logged on,CORP.LOCAL\mike.chen,WS-FIN-005,192.168.2.104,,,,Info,False
1154,2024-10-14 17:36:03,1102,The audit log was cleared,CORP.LOCAL\ravi.kumar,DC01,192.168.3.62,,,SubjectUserName=ravi.kumar | AuditLogCleared=True,Critical,True
1155,2024-10-10 15:28:40,4624,An account was successfully logged on,CORP.LOCAL\emily.brown,WS-MAR-008,192.168.8.19,,,,Info,False
1156,2024-10-18 08:42:52,4663,An attempt was made to access an object,CORP.LOCAL\david.jones,WS-IT-003,192.168.5.240,C:\Users\david.jones\Downloads\Report.pdf,,,Info,False
1157,2024-10-09 08:09:45,7045,A new service was installed,CORP.LOCAL\ravi.kumar,DC01,192.168.2.13,,,ServiceName=WinUpdSvc | ServiceFile=C:\Windows\Temp\svc.exe | StartType=Auto,Critical,True
1158,2024-10-13 12:02:14,4634,An account was logged off,CORP.LOCAL\mike.chen,WS-FIN-005,192.168.10.16,,,,Info,False
1159,2024-10-13 08:18:26,4688,A new process has been created,CORP.LOCAL\anita.patel,WS-LEG-006,192.168.2.187,,excel.exe,,Info,False
1160,2024-10-13 11:55:06,4688,A new process has been created,CORP.LOCAL\priya.rao,WS-HR-002,192.168.5.118,,explorer.exe,,Info,False
1161,2024-10-03 13:17:55,4624,An account was successfully logged on,CORP.LOCAL\priya.rao,WS-HR-002,192.168.4.104,,,,Info,False
1162,2024-10-18 08:37:35,4688,A new process has been created,CORP.LOCAL\david.jones,WS-IT-003,192.168.6.173,,outlook.exe,,Info,False
1163,2024-10-11 12:11:01,4720,A user account was created,CORP.LOCAL\ravi.kumar,DC01,192.168.10.58,,,NewAccount=svc_backup2 | CreatedBy=ravi.kumar,Critical,True
1164,2024-10-21 06:32:18,4688,A new process has been created,CORP.LOCAL\ravi.kumar,WS-IT-007,192.168.9.198,,psexec.exe,CommandLine=psexec.exe /dump | ParentProcess=powershell.exe,Critical,True
1165,2024-10-22 17:09:10,4624,An account was successfully logged on,CORP.LOCAL\anita.patel,WS-LEG-006,192.168.3.153,,,,Info,False
1166,2024-10-03 17:12:45,4663,An attempt was made to access an object,CORP.LOCAL\emily.brown,WS-MAR-008,192.168.1.171,C:\Windows\System32\notepad.exe,,,Info,False
1167,2024-10-19 09:39:47,4663,An attempt was made to access an object,CORP.LOCAL\anita.patel,WS-LEG-006,192.168.4.64,C:\Program Files\Office\Word.exe,,,Info,False
1168,2024-10-27 17:21:32,4663,An attempt was made to access an object,CORP.LOCAL\anita.patel,WS-LEG-006,192.168.9.138,C:\Windows\System32\notepad.exe,,,Info,False
1169,2024-10-10 22:46:38,4624,An account was successfully logged on,CORP.LOCAL\ravi.kumar,WS-IT-007,192.168.9.155,,,LogonType=10 | OffHoursLogin=True | RDP=True,Medium,True
1170,2024-10-28 14:02:36,4634,An account was logged off,CORP.LOCAL\priya.rao,WS-HR-002,192.168.4.191,,,,Info,False
1171,2024-10-15 16:34:31,4625,An account failed to log on,CORP.LOCAL\mike.chen,WS-FIN-005,192.168.2.155,,,BadPasswordCount=1,Low,False
1172,2024-10-11 22:34:10,6416,A new external device was recognized by the system,CORP.LOCAL\sara.kim,WS-SAL-004,192.168.5.76,USB\VID_1307&PID_0165\KINGSTON_32GB,,DeviceType=RemovableStorage | CopyDetected=True,High,True
1173,2024-10-28 20:16:22,4663,An attempt was made to access an object,CORP.LOCAL\sara.kim,WS-SAL-004,192.168.2.114,C:\Finance\Q3_Budget_2024.xlsx,,AccessMask=0x2 | ReadData=True,High,True
1174,2024-10-17 20:22:33,4688,A new process has been created,CORP.LOCAL\ravi.kumar,WS-IT-007,192.168.5.44,,net.exe,CommandLine=net.exe /dump | ParentProcess=powershell.exe,Critical,True
1175,2024-10-17 22:25:34,4663,An attempt was made to access an object,CORP.LOCAL\sara.kim,WS-SAL-004,192.168.7.141,C:\Finance\Payroll_Oct2024.xlsx,,AccessMask=0x2 | ReadData=True,High,True
1176,2024-10-05 15:09:16,4634,An account was logged off,CORP.LOCAL\mike.chen,WS-FIN-005,192.168.4.192,,,,Info,False
1177,2024-10-20 13:49:36,4624,An account was successfully logged on,CORP.LOCAL\mike.chen,WS-FIN-005,192.168.6.81,,,,Info,False
1178,2024-10-12 10:44:28,4663,An attempt was made to access an object,CORP.LOCAL\mike.chen,WS-FIN-005,192.168.8.12,C:\Users\mike.chen\Documents\Meeting_Notes.docx,,,Info,False
1179,2024-10-20 15:33:33,4634,An account was logged off,CORP.LOCAL\emily.brown,WS-MAR-008,192.168.3.95,,,,Info,False
1180,2024-10-03 11:53:59,4663,An attempt was made to access an object,CORP.LOCAL\emily.brown,WS-MAR-008,192.168.5.227,C:\Windows\System32\notepad.exe,,,Info,False
1181,2024-10-11 12:02:00,4634,An account was logged off,CORP.LOCAL\emily.brown,WS-MAR-008,192.168.3.165,,,,Info,False
1182,2024-10-03 13:29:47,7045,A new service was installed,CORP.LOCAL\ravi.kumar,DC01,192.168.10.26,,,ServiceName=WinUpdSvc | ServiceFile=C:\Windows\Temp\svc.exe | StartType=Auto,Critical,True
1183,2024-10-30 16:16:08,4634,An account was logged off,CORP.LOCAL\john.smith,WS-FIN-001,192.168.6.227,,,,Info,False
1184,2024-10-22 09:10:51,4663,An attempt was made to access an object,CORP.LOCAL\ravi.kumar,WS-IT-007,192.168.5.213,C:\HR\Employee_Salary_Data.csv,,AccessMask=0x40 | WriteData=True,High,True
1185,2024-10-05 05:59:20,4688,A new process has been created,CORP.LOCAL\ravi.kumar,WS-IT-007,192.168.7.222,,mimikatz.exe,CommandLine=mimikatz.exe /dump | ParentProcess=powershell.exe,Critical,True
1186,2024-10-18 22:26:23,4688,A new process has been created,CORP.LOCAL\ravi.kumar,WS-IT-007,192.168.3.197,,mimikatz.exe,CommandLine=mimikatz.exe /dump | ParentProcess=powershell.exe,Critical,True
1187,2024-10-20 08:39:39,4663,An attempt was made to access an object,CORP.LOCAL\ravi.kumar,WS-IT-007,192.168.4.167,C:\Legal\Contracts_Confidential.docx,,AccessMask=0x40 | WriteData=True,High,True
1188,2024-10-22 22:03:19,4688,A new process has been created,CORP.LOCAL\ravi.kumar,WS-IT-007,192.168.3.32,,wmic.exe,CommandLine=wmic.exe /dump | ParentProcess=powershell.exe,Critical,True
1189,2024-10-02 10:48:39,4688,A new process has been created,CORP.LOCAL\john.smith,WS-FIN-001,192.168.2.71,,chrome.exe,,Info,False
1190,2024-10-23 00:45:08,4688,A new process has been created,CORP.LOCAL\ravi.kumar,WS-IT-007,192.168.1.43,,wmic.exe,CommandLine=wmic.exe /dump | ParentProcess=powershell.exe,Critical,True
1191,2024-10-26 01:36:01,4663,An attempt was made to access an object,CORP.LOCAL\sara.kim,WS-SAL-004,192.168.4.76,C:\Legal\Contracts_Confidential.docx,,AccessMask=0x2 | ReadData=True,High,True
1192,2024-10-19 12:43:43,4624,An account was successfully logged on,CORP.LOCAL\anita.patel,WS-LEG-006,192.168.7.30,,,,Info,False
1193,2024-10-21 15:26:56,4688,A new process has been created,CORP.LOCAL\anita.patel,WS-LEG-006,192.168.10.51,,explorer.exe,,Info,False
1194,2024-10-20 14:05:27,4624,An account was successfully logged on,CORP.LOCAL\anita.patel,WS-LEG-006,192.168.2.188,,,,Info,False
1195,2024-10-12 11:42:06,4688,A new process has been created,CORP.LOCAL\john.smith,WS-FIN-001,192.168.9.228,,chrome.exe,,Info,False
1196,2024-10-19 11:23:43,4624,An account was successfully logged on,CORP.LOCAL\anita.patel,WS-LEG-006,192.168.8.233,,,,Info,False
1197,2024-10-03 08:44:10,4663,An attempt was made to access an object,CORP.LOCAL\mike.chen,WS-FIN-005,192.168.8.218,C:\Users\Public\Documents\Template.docx,,,Info,False
1198,2024-10-04 11:54:23,4634,An account was logged off,CORP.LOCAL\mike.chen,WS-FIN-005,192.168.6.141,,,,Info,False
1199,2024-10-26 11:59:16,4624,An account was successfully logged on,CORP.LOCAL\emily.brown,WS-MAR-008,192.168.8.20,,,,Info,False
1200,2024-10-13 17:36:19,4625,An account failed to log on,CORP.LOCAL\emily.brown,WS-MAR-008,192.168.9.215,,,BadPasswordCount=1,Low,False
1201,2024-10-22 10:51:29,4624,An account was successfully logged on,CORP.LOCAL\anita.patel,WS-LEG-006,192.168.2.118,,,,Info,False
1202,2024-10-30 12:10:55,4625,An account failed to log on,CORP.LOCAL\sara.kim,DC01,192.168.3.227,,,TargetUser=CORP.LOCAL\ravi.kumar | FailureReason=WrongPassword,High,True
1203,2024-10-28 17:44:01,4634,An account was logged off,CORP.LOCAL\mike.chen,WS-FIN-005,192.168.10.99,,,,Info,False
1204,2024-10-05 01:53:46,4663,An attempt was made to access an object,CORP.LOCAL\sara.kim,WS-SAL-004,192.168.6.81,C:\HR\Employee_Salary_Data.csv,,AccessMask=0x2 | ReadData=True,High,True
1205,2024-10-25 11:26:32,4634,An account was logged off,CORP.LOCAL\priya.rao,WS-HR-002,192.168.10.237,,,,Info,False
1206,2024-10-22 13:27:04,4663,An attempt was made to access an object,CORP.LOCAL\anita.patel,WS-LEG-006,192.168.6.161,C:\Program Files\Office\Word.exe,,,Info,False
1207,2024-10-22 13:52:08,4634,An account was logged off,CORP.LOCAL\anita.patel,WS-LEG-006,192.168.9.25,,,,Info,False
1208,2024-10-11 17:35:45,4624,An account was successfully logged on,CORP.LOCAL\priya.rao,WS-HR-002,192.168.5.161,,,,Info,False
1209,2024-10-03 13:25:17,4624,An account was successfully logged on,CORP.LOCAL\john.smith,WS-FIN-001,192.168.1.208,,,,Info,False
1210,2024-10-04 22:43:46,4688,A new process has been created,CORP.LOCAL\ravi.kumar,WS-IT-007,192.168.4.191,,cmd.exe,CommandLine=cmd.exe /dump | ParentProcess=powershell.exe,Critical,True
1211,2024-10-20 08:18:31,4634,An account was logged off,CORP.LOCAL\anita.patel,WS-LEG-006,192.168.8.75,,,,Info,False
1212,2024-10-26 01:52:54,4663,An attempt was made to access an object,CORP.LOCAL\sara.kim,WS-SAL-004,192.168.7.174,C:\Finance\Merger_Plans_Restricted.pdf,,AccessMask=0x2 | ReadData=True,High,True
1213,2024-10-04 14:52:31,4663,An attempt was made to access an object,CORP.LOCAL\anita.patel,WS-LEG-006,192.168.7.247,C:\Users\Public\Documents\Template.docx,,,Info,False
1214,2024-10-07 23:56:19,4624,An account was successfully logged on,CORP.LOCAL\ravi.kumar,WS-IT-007,192.168.1.219,,,LogonType=10 | OffHoursLogin=True | RDP=True,Medium,True
1215,2024-10-16 09:51:46,4688,A new process has been created,CORP.LOCAL\anita.patel,WS-LEG-006,192.168.6.236,,excel.exe,,Info,False
1216,2024-10-12 22:07:22,4663,An attempt was made to access an object,CORP.LOCAL\sara.kim,WS-SAL-004,192.168.8.160,C:\HR\Performance_Reviews_2024.docx,,AccessMask=0x2 | ReadData=True,High,True
1217,2024-10-10 10:02:02,4624,An account was successfully logged on,CORP.LOCAL\emily.brown,WS-MAR-008,192.168.7.31,,,,Info,False
1218,2024-10-03 08:59:57,4634,An account was logged off,CORP.LOCAL\john.smith,WS-FIN-001,192.168.8.10,,,,Info,False
1219,2024-10-09 11:29:40,4624,An account was successfully logged on,CORP.LOCAL\emily.brown,WS-MAR-008,192.168.10.38,,,,Info,False
1220,2024-10-28 09:28:51,4634,An account was logged off,CORP.LOCAL\david.jones,WS-IT-003,192.168.9.27,,,,Info,False
1221,2024-10-05 11:21:38,4634,An account was logged off,CORP.LOCAL\mike.chen,WS-FIN-005,192.168.6.222,,,,Info,False
1222,2024-10-22 10:12:26,4663,An attempt was made to access an object,CORP.LOCAL\mike.chen,WS-FIN-005,192.168.7.175,C:\Users\mike.chen\Downloads\Report.pdf,,,Info,False
1223,2024-10-16 14:21:11,4634,An account was logged off,CORP.LOCAL\emily.brown,WS-MAR-008,192.168.8.96,,,,Info,False
1224,2024-10-22 13:22:13,4688,A new process has been created,CORP.LOCAL\emily.brown,WS-MAR-008,192.168.5.181,,chrome.exe,,Info,False
1225,2024-10-03 06:17:33,4688,A new process has been created,CORP.LOCAL\ravi.kumar,WS-IT-007,192.168.5.184,,net.exe,CommandLine=net.exe /dump | ParentProcess=powershell.exe,Critical,True
1226,2024-10-10 15:10:44,4663,An attempt was made to access an object,CORP.LOCAL\emily.brown,WS-MAR-008,192.168.1.13,C:\Users\Public\Documents\Template.docx,,,Info,False
1227,2024-10-18 15:22:21,4634,An account was logged off,CORP.LOCAL\priya.rao,WS-HR-002,192.168.9.98,,,,Info,False
1228,2024-10-02 17:30:18,4634,An account was logged off,CORP.LOCAL\mike.chen,WS-FIN-005,192.168.4.75,,,,Info,False
1229,2024-10-18 11:08:50,4663,An attempt was made to access an object,CORP.LOCAL\david.jones,WS-IT-003,192.168.6.137,C:\Program Files\Office\Word.exe,,,Info,False
1230,2024-10-10 15:13:39,4624,An account was successfully logged on,CORP.LOCAL\john.smith,WS-FIN-001,192.168.5.182,,,,Info,False
1231,2024-10-30 14:00:33,4624,An account was successfully logged on,CORP.LOCAL\anita.patel,WS-LEG-006,192.168.1.183,,,,Info,False
1232,2024-10-28 21:00:02,4688,A new process has been created,CORP.LOCAL\ravi.kumar,WS-IT-007,192.168.1.64,,cmd.exe,CommandLine=cmd.exe /dump | ParentProcess=powershell.exe,Critical,True
1233,2024-10-26 06:17:52,4624,An account was successfully logged on,CORP.LOCAL\sara.kim,WS-SAL-004,192.168.4.85,,,LogonType=3 | OffHoursLogin=True,Medium,True
1234,2024-10-02 14:35:31,4688,A new process has been created,CORP.LOCAL\anita.patel,WS-LEG-006,192.168.6.243,,chrome.exe,,Info,False
1235,2024-10-02 21:52:48,4663,An attempt was made to access an object,CORP.LOCAL\sara.kim,WS-SAL-004,192.168.8.141,C:\IT\Network_Topology_Internal.vsdx,,AccessMask=0x2 | ReadData=True,High,True
1236,2024-10-26 23:31:36,4624,An account was successfully logged on,CORP.LOCAL\sara.kim,WS-SAL-004,192.168.5.190,,,LogonType=3 | OffHoursLogin=True,Medium,True
1237,2024-10-03 15:02:08,4624,An account was successfully logged on,CORP.LOCAL\john.smith,WS-FIN-001,192.168.10.175,,,,Info,False
1238,2024-10-26 11:32:30,4634,An account was logged off,CORP.LOCAL\mike.chen,WS-FIN-005,192.168.3.170,,,,Info,False
1239,2024-10-23 16:51:58,4648,A logon was attempted using explicit credentials,CORP.LOCAL\ravi.kumar,WS-IT-007,192.168.7.59,WS-FIN-001,,ExplicitCredentials=True | TargetServer=WS-FIN-001,High,True
1240,2024-10-17 14:03:25,4688,A new process has been created,CORP.LOCAL\mike.chen,WS-FIN-005,192.168.6.62,,explorer.exe,,Info,False
1241,2024-10-25 16:23:07,4624,An account was successfully logged on,CORP.LOCAL\mike.chen,WS-FIN-005,192.168.2.91,,,,Info,False
1242,2024-10-20 17:02:28,4624,An account was successfully logged on,CORP.LOCAL\john.smith,WS-FIN-001,192.168.2.27,,,,Info,False
1243,2024-10-06 21:11:35,4663,An attempt was made to access an object,CORP.LOCAL\sara.kim,WS-SAL-004,192.168.6.145,C:\Sales\Client_Database_Full.csv,,AccessMask=0x2 | ReadData=True,High,True
1244,2024-10-06 17:24:09,4624,An account was successfully logged on,CORP.LOCAL\emily.brown,WS-MAR-008,192.168.10.35,,,,Info,False
1245,2024-10-17 10:34:25,4688,A new process has been created,CORP.LOCAL\emily.brown,WS-MAR-008,192.168.3.188,,explorer.exe,,Info,False
1246,2024-10-17 12:49:24,4634,An account was logged off,CORP.LOCAL\mike.chen,WS-FIN-005,192.168.9.109,,,,Info,False
1247,2024-10-09 11:58:11,4663,An attempt was made to access an object,CORP.LOCAL\ravi.kumar,WS-IT-007,192.168.5.116,C:\IT\Network_Topology_Internal.vsdx,,AccessMask=0x40 | WriteData=True,High,True
1248,2024-10-16 10:43:59,4624,An account was successfully logged on,CORP.LOCAL\mike.chen,WS-FIN-005,192.168.5.97,,,,Info,False
1249,2024-10-17 15:41:34,4624,An account was successfully logged on,CORP.LOCAL\anita.patel,WS-LEG-006,192.168.6.74,,,,Info,False
1250,2024-10-21 22:41:43,4663,An attempt was made to access an object,CORP.LOCAL\sara.kim,WS-SAL-004,192.168.7.249,C:\Finance\Q3_Budget_2024.xlsx,,AccessMask=0x2 | ReadData=True,High,True
1251,2024-10-16 22:40:04,4688,A new process has been created,CORP.LOCAL\ravi.kumar,WS-IT-007,192.168.8.132,,net.exe,CommandLine=net.exe /dump | ParentProcess=powershell.exe,Critical,True
1252,2024-10-29 17:54:06,4663,An attempt was made to access an object,CORP.LOCAL\mike.chen,WS-FIN-005,192.168.9.237,C:\Windows\System32\notepad.exe,,,Info,False
1253,2024-10-09 08:33:46,4634,An account was logged off,CORP.LOCAL\anita.patel,WS-LEG-006,192.168.9.252,,,,Info,False
1254,2024-10-07 13:11:31,4634,An account was logged off,CORP.LOCAL\john.smith,WS-FIN-001,192.168.6.206,,,,Info,False
1255,2024-10-15 11:28:19,4663,An attempt was made to access an object,CORP.LOCAL\ravi.kumar,WS-IT-007,192.168.5.220,C:\IT\Network_Topology_Internal.vsdx,,AccessMask=0x40 | WriteData=True,High,True
1256,2024-10-24 03:13:51,4663,An attempt was made to access an object,CORP.LOCAL\sara.kim,WS-SAL-004,192.168.10.178,C:\HR\Employee_Salary_Data.csv,,AccessMask=0x2 | ReadData=True,High,True
1257,2024-10-03 09:59:24,4663,An attempt was made to access an object,CORP.LOCAL\john.smith,WS-FIN-001,192.168.9.77,C:\Users\john.smith\Downloads\Report.pdf,,,Info,False
1258,2024-10-03 11:08:09,4624,An account was successfully logged on,CORP.LOCAL\priya.rao,WS-HR-002,192.168.8.51,,,,Info,False
1259,2024-10-05 09:41:53,4634,An account was logged off,CORP.LOCAL\john.smith,WS-FIN-001,192.168.8.240,,,,Info,False
1260,2024-10-10 10:05:58,4624,An account was successfully logged on,CORP.LOCAL\mike.chen,WS-FIN-005,192.168.6.189,,,,Info,False
1261,2024-10-30 10:00:35,4663,An attempt was made to access an object,CORP.LOCAL\david.jones,WS-IT-003,192.168.3.106,C:\Users\Public\Documents\Template.docx,,,Info,False
1262,2024-10-24 10:49:41,4634,An account was logged off,CORP.LOCAL\david.jones,WS-IT-003,192.168.7.97,,,,Info,False
1263,2024-10-05 21:34:39,4688,A new process has been created,CORP.LOCAL\ravi.kumar,WS-IT-007,192.168.5.23,,psexec.exe,CommandLine=psexec.exe /dump | ParentProcess=powershell.exe,Critical,True
1264,2024-10-20 06:01:47,4663,An attempt was made to access an object,CORP.LOCAL\sara.kim,WS-SAL-004,192.168.4.117,C:\HR\Performance_Reviews_2024.docx,,AccessMask=0x2 | ReadData=True,High,True
1265,2024-10-21 13:43:40,4663,An attempt was made to access an object,CORP.LOCAL\ravi.kumar,WS-IT-007,192.168.2.151,C:\HR\Performance_Reviews_2024.docx,,AccessMask=0x40 | WriteData=True,High,True
1266,2024-10-15 15:33:41,4688,A new process has been created,CORP.LOCAL\john.smith,WS-FIN-001,192.168.5.48,,chrome.exe,,Info,False
1267,2024-10-12 20:50:04,4624,An account was successfully logged on,CORP.LOCAL\sara.kim,WS-SAL-004,192.168.7.78,,,LogonType=3 | OffHoursLogin=True,Medium,True
1268,2024-10-27 15:29:27,4624,An account was successfully logged on,CORP.LOCAL\emily.brown,WS-MAR-008,192.168.9.200,,,,Info,False
1269,2024-10-17 13:58:36,4663,An attempt was made to access an object,CORP.LOCAL\ravi.kumar,WS-IT-007,192.168.6.101,C:\Finance\Payroll_Oct2024.xlsx,,AccessMask=0x40 | WriteData=True,High,True
1270,2024-10-28 16:57:18,4624,An account was successfully logged on,CORP.LOCAL\priya.rao,WS-HR-002,192.168.4.90,,,,Info,False
1271,2024-10-08 12:47:21,4634,An account was logged off,CORP.LOCAL\john.smith,WS-FIN-001,192.168.6.201,,,,Info,False
1272,2024-10-04 10:32:58,4672,Special privileges assigned to new logon,CORP.LOCAL\david.jones,WS-IT-003,192.168.5.217,,,,Low,False
1273,2024-10-27 16:25:43,4634,An account was logged off,CORP.LOCAL\david.jones,WS-IT-003,192.168.9.86,,,,Info,False
1274,2024-10-07 14:25:45,4625,An account failed to log on,CORP.LOCAL\emily.brown,WS-MAR-008,192.168.2.153,,,BadPasswordCount=1,Low,False
1275,2024-10-23 16:48:15,4624,An account was successfully logged on,CORP.LOCAL\priya.rao,WS-HR-002,192.168.7.127,,,,Info,False
1276,2024-10-23 04:20:38,4624,An account was successfully logged on,CORP.LOCAL\sara.kim,WS-SAL-004,192.168.10.36,,,LogonType=3 | OffHoursLogin=True,Medium,True
1277,2024-10-29 16:51:38,4634,An account was logged off,CORP.LOCAL\mike.chen,WS-FIN-005,192.168.4.126,,,,Info,False
1278,2024-10-22 13:06:35,4663,An attempt was made to access an object,CORP.LOCAL\emily.brown,WS-MAR-008,192.168.7.74,C:\Users\Public\Documents\Template.docx,,,Info,False
1279,2024-10-23 12:10:50,4688,A new process has been created,CORP.LOCAL\emily.brown,WS-MAR-008,192.168.2.99,,chrome.exe,,Info,False
1280,2024-10-16 08:02:15,4624,An account was successfully logged on,CORP.LOCAL\emily.brown,WS-MAR-008,192.168.4.39,,,,Info,False
1281,2024-10-11 13:06:05,4634,An account was logged off,CORP.LOCAL\priya.rao,WS-HR-002,192.168.5.80,,,,Info,False
1282,2024-10-26 15:40:11,4624,An account was successfully logged on,CORP.LOCAL\emily.brown,WS-MAR-008,192.168.8.253,,,,Info,False
1283,2024-10-14 13:03:06,4663,An attempt was made to access an object,CORP.LOCAL\emily.brown,WS-MAR-008,192.168.4.216,C:\Users\emily.brown\Downloads\Report.pdf,,,Info,False
1284,2024-10-13 06:27:44,4688,A new process has been created,CORP.LOCAL\ravi.kumar,WS-IT-007,192.168.2.165,,psexec.exe,CommandLine=psexec.exe /dump | ParentProcess=powershell.exe,Critical,True
1285,2024-10-16 16:42:45,4672,Special privileges assigned to new logon,CORP.LOCAL\emily.brown,WS-MAR-008,192.168.3.50,,,,Low,False
1286,2024-10-03 16:02:39,4663,An attempt was made to access an object,CORP.LOCAL\david.jones,WS-IT-003,192.168.4.163,C:\Users\david.jones\Documents\Meeting_Notes.docx,,,Info,False
1287,2024-10-17 17:32:25,4688,A new process has been created,CORP.LOCAL\david.jones,WS-IT-003,192.168.1.13,,chrome.exe,,Info,False
1288,2024-10-20 17:38:50,4663,An attempt was made to access an object,CORP.LOCAL\john.smith,WS-FIN-001,192.168.4.200,C:\Users\john.smith\Documents\Meeting_Notes.docx,,,Info,False
1289,2024-10-08 14:05:58,4624,An account was successfully logged on,CORP.LOCAL\priya.rao,WS-HR-002,192.168.9.39,,,,Info,False
1290,2024-10-05 15:12:07,4625,An account failed to log on,CORP.LOCAL\emily.brown,WS-MAR-008,192.168.2.117,,,BadPasswordCount=1,Low,False
1291,2024-10-11 05:11:25,4624,An account was successfully logged on,CORP.LOCAL\sara.kim,WS-SAL-004,192.168.4.124,,,LogonType=3 | OffHoursLogin=True,Medium,True
1292,2024-10-22 16:51:47,4663,An attempt was made to access an object,CORP.LOCAL\emily.brown,WS-MAR-008,192.168.3.245,C:\Windows\System32\notepad.exe,,,Info,False
1293,2024-10-30 15:22:35,4634,An account was logged off,CORP.LOCAL\emily.brown,WS-MAR-008,192.168.5.75,,,,Info,False
1294,2024-10-12 10:06:25,4663,An attempt was made to access an object,CORP.LOCAL\anita.patel,WS-LEG-006,192.168.6.144,C:\Users\Public\Documents\Template.docx,,,Info,False
1295,2024-10-09 11:26:19,4688,A new process has been created,CORP.LOCAL\david.jones,WS-IT-003,192.168.1.144,,outlook.exe,,Info,False
1296,2024-10-05 16:18:44,4672,Special privileges assigned to new logon,CORP.LOCAL\john.smith,WS-FIN-001,192.168.8.28,,,,Low,False
1297,2024-10-14 05:28:21,4624,An account was successfully logged on,CORP.LOCAL\sara.kim,WS-SAL-004,192.168.7.207,,,LogonType=3 | OffHoursLogin=True,Medium,True
1298,2024-10-17 10:50:23,4625,An account failed to log on,CORP.LOCAL\emily.brown,WS-MAR-008,192.168.4.33,,,BadPasswordCount=1,Low,False
1299,2024-10-24 14:37:47,4663,An attempt was made to access an object,CORP.LOCAL\david.jones,WS-IT-003,192.168.3.228,C:\Users\david.jones\Downloads\Report.pdf,,,Info,False
1300,2024-10-28 17:04:43,4688,A new process has been created,CORP.LOCAL\john.smith,WS-FIN-001,192.168.4.105,,explorer.exe,,Info,False
1301,2024-10-18 08:05:22,4634,An account was logged off,CORP.LOCAL\anita.patel,WS-LEG-006,192.168.2.154,,,,Info,False
1302,2024-10-21 14:15:09,4663,An attempt was made to access an object,CORP.LOCAL\emily.brown,WS-MAR-008,192.168.1.230,C:\Users\emily.brown\Documents\Meeting_Notes.docx,,,Info,False
1303,2024-10-05 15:13:34,4624,An account was successfully logged on,CORP.LOCAL\david.jones,WS-IT-003,192.168.4.73,,,,Info,False
1304,2024-10-14 11:49:36,4624,An account was successfully logged on,CORP.LOCAL\john.smith,WS-FIN-001,192.168.10.69,,,,Info,False
1305,2024-10-12 08:12:33,4634,An account was logged off,CORP.LOCAL\anita.patel,WS-LEG-006,192.168.10.195,,,,Info,False
1306,2024-10-11 10:47:24,4624,An account was successfully logged on,CORP.LOCAL\john.smith,WS-FIN-001,192.168.3.99,,,,Info,False
1307,2024-10-19 11:46:03,4624,An account was successfully logged on,CORP.LOCAL\mike.chen,WS-FIN-005,192.168.10.149,,,,Info,False
1308,2024-10-25 08:21:00,4648,A logon was attempted using explicit credentials,CORP.LOCAL\ravi.kumar,WS-IT-007,192.168.7.219,WS-LEG-006,,ExplicitCredentials=True | TargetServer=WS-LEG-006,High,True
1309,2024-10-05 17:30:32,4663,An attempt was made to access an object,CORP.LOCAL\anita.patel,WS-LEG-006,192.168.1.117,C:\Windows\System32\notepad.exe,,,Info,False
1310,2024-10-16 13:26:44,4663,An attempt was made to access an object,CORP.LOCAL\david.jones,WS-IT-003,192.168.5.171,C:\Program Files\Office\Word.exe,,,Info,False
1311,2024-10-25 05:10:16,4688,A new process has been created,CORP.LOCAL\ravi.kumar,WS-IT-007,192.168.2.230,,cmd.exe,CommandLine=cmd.exe /dump | ParentProcess=powershell.exe,Critical,True
1312,2024-10-17 20:50:13,4663,An attempt was made to access an object,CORP.LOCAL\sara.kim,WS-SAL-004,192.168.8.91,C:\IT\Network_Topology_Internal.vsdx,,AccessMask=0x2 | ReadData=True,High,True
1313,2024-10-16 10:15:08,4688,A new process has been created,CORP.LOCAL\priya.rao,WS-HR-002,192.168.2.146,,outlook.exe,,Info,False
1314,2024-10-07 12:39:30,4634,An account was logged off,CORP.LOCAL\anita.patel,WS-LEG-006,192.168.4.73,,,,Info,False
1315,2024-10-24 14:06:47,4624,An account was successfully logged on,CORP.LOCAL\john.smith,WS-FIN-001,192.168.2.25,,,,Info,False
1316,2024-10-03 15:04:57,4634,An account was logged off,CORP.LOCAL\john.smith,WS-FIN-001,192.168.6.157,,,,Info,False
1317,2024-10-08 08:48:01,4624,An account was successfully logged on,CORP.LOCAL\david.jones,WS-IT-003,192.168.2.201,,,,Info,False
1318,2024-10-07 09:36:32,4663,An attempt was made to access an object,CORP.LOCAL\david.jones,WS-IT-003,192.168.3.170,C:\Windows\System32\notepad.exe,,,Info,False
1319,2024-10-18 15:01:23,4688,A new process has been created,CORP.LOCAL\priya.rao,WS-HR-002,192.168.10.96,,chrome.exe,,Info,False
1320,2024-10-22 12:25:08,4663,An attempt was made to access an object,CORP.LOCAL\emily.brown,WS-MAR-008,192.168.5.119,C:\Program Files\Office\Word.exe,,,Info,False
1321,2024-10-12 09:06:20,4728,A member was added to a security-enabled global group,CORP.LOCAL\sara.kim,DC01,192.168.5.37,,,GroupName=Domain Admins | MemberAdded=sara.kim,Critical,True
1322,2024-10-16 09:53:57,4634,An account was logged off,CORP.LOCAL\anita.patel,WS-LEG-006,192.168.10.139,,,,Info,False
1323,2024-10-02 10:55:16,4688,A new process has been created,CORP.LOCAL\priya.rao,WS-HR-002,192.168.8.225,,outlook.exe,,Info,False
1324,2024-10-07 09:47:33,4663,An attempt was made to access an object,CORP.LOCAL\priya.rao,WS-HR-002,192.168.7.109,C:\Users\Public\Documents\Template.docx,,,Info,False
1325,2024-10-19 16:36:08,4625,An account failed to log on,CORP.LOCAL\sara.kim,DC01,192.168.5.88,,,TargetUser=CORP.LOCAL\emily.brown | FailureReason=WrongPassword,High,True
1326,2024-10-08 10:59:59,4672,Special privileges assigned to new logon,CORP.LOCAL\mike.chen,WS-FIN-005,192.168.3.251,,,,Low,False
1327,2024-10-02 13:25:32,4663,An attempt was made to access an object,CORP.LOCAL\ravi.kumar,WS-IT-007,192.168.5.68,C:\Sales\Client_Database_Full.csv,,AccessMask=0x40 | WriteData=True,High,True
1328,2024-10-11 16:03:47,4624,An account was successfully logged on,CORP.LOCAL\david.jones,WS-IT-003,192.168.1.150,,,,Info,False
1329,2024-10-17 15:02:08,4672,Special privileges assigned to new logon,CORP.LOCAL\emily.brown,WS-MAR-008,192.168.10.86,,,,Low,False
1330,2024-10-02 10:59:58,4634,An account was logged off,CORP.LOCAL\priya.rao,WS-HR-002,192.168.7.203,,,,Info,False
1331,2024-10-13 08:05:25,4624,An account was successfully logged on,CORP.LOCAL\priya.rao,WS-HR-002,192.168.2.169,,,,Info,False
1332,2024-10-14 08:35:26,4624,An account was successfully logged on,CORP.LOCAL\emily.brown,WS-MAR-008,192.168.8.236,,,,Info,False
1333,2024-10-11 17:56:45,4625,An account failed to log on,CORP.LOCAL\priya.rao,WS-HR-002,192.168.4.169,,,BadPasswordCount=1,Low,False
1334,2024-10-24 12:29:43,4688,A new process has been created,CORP.LOCAL\priya.rao,WS-HR-002,192.168.9.110,,explorer.exe,,Info,False
1335,2024-10-18 15:26:56,4663,An attempt was made to access an object,CORP.LOCAL\ravi.kumar,WS-IT-007,192.168.8.17,C:\Finance\Merger_Plans_Restricted.pdf,,AccessMask=0x40 | WriteData=True,High,True
1336,2024-10-06 03:36:33,4624,An account was successfully logged on,CORP.LOCAL\sara.kim,WS-SAL-004,192.168.9.233,,,LogonType=3 | OffHoursLogin=True,Medium,True
1337,2024-10-12 15:52:01,4663,An attempt was made to access an object,CORP.LOCAL\mike.chen,WS-FIN-005,192.168.6.174,C:\Windows\System32\notepad.exe,,,Info,False
1338,2024-10-09 11:52:34,4624,An account was successfully logged on,CORP.LOCAL\emily.brown,WS-MAR-008,192.168.8.56,,,,Info,False
1339,2024-10-24 13:24:48,4663,An attempt was made to access an object,CORP.LOCAL\mike.chen,WS-FIN-005,192.168.3.204,C:\Users\mike.chen\Downloads\Report.pdf,,,Info,False
1340,2024-10-20 17:15:37,4625,An account failed to log on,CORP.LOCAL\john.smith,WS-FIN-001,192.168.1.160,,,BadPasswordCount=1,Low,False
1341,2024-10-05 10:15:06,4634,An account was logged off,CORP.LOCAL\david.jones,WS-IT-003,192.168.5.52,,,,Info,False
1342,2024-10-02 09:37:27,4663,An attempt was made to access an object,CORP.LOCAL\emily.brown,WS-MAR-008,192.168.1.25,C:\Users\emily.brown\Downloads\Report.pdf,,,Info,False
1343,2024-10-26 08:22:50,4624,An account was successfully logged on,CORP.LOCAL\priya.rao,WS-HR-002,192.168.1.35,,,,Info,False
1344,2024-10-28 17:38:02,4634,An account was logged off,CORP.LOCAL\david.jones,WS-IT-003,192.168.2.50,,,,Info,False
1345,2024-10-17 10:51:44,4688,A new process has been created,CORP.LOCAL\john.smith,WS-FIN-001,192.168.8.14,,chrome.exe,,Info,False
1346,2024-10-10 11:45:09,4663,An attempt was made to access an object,CORP.LOCAL\john.smith,WS-FIN-001,192.168.7.2,C:\Users\john.smith\Downloads\Report.pdf,,,Info,False
1347,2024-10-22 09:28:29,4624,An account was successfully logged on,CORP.LOCAL\anita.patel,WS-LEG-006,192.168.6.166,,,,Info,False
1348,2024-10-12 14:08:48,4624,An account was successfully logged on,CORP.LOCAL\emily.brown,WS-MAR-008,192.168.6.251,,,,Info,False
1349,2024-10-09 12:01:11,4663,An attempt was made to access an object,CORP.LOCAL\emily.brown,WS-MAR-008,192.168.5.237,C:\Users\emily.brown\Downloads\Report.pdf,,,Info,False
1350,2024-10-25 09:48:34,4624,An account was successfully logged on,CORP.LOCAL\john.smith,WS-FIN-001,192.168.8.210,,,,Info,False
1351,2024-10-27 12:10:28,4688,A new process has been created,CORP.LOCAL\john.smith,WS-FIN-001,192.168.9.182,,word.exe,,Info,False
1352,2024-10-10 23:45:51,4663,An attempt was made to access an object,CORP.LOCAL\sara.kim,WS-SAL-004,192.168.10.153,C:\Legal\Contracts_Confidential.docx,,AccessMask=0x2 | ReadData=True,High,True
1353,2024-10-28 13:54:43,4663,An attempt was made to access an object,CORP.LOCAL\anita.patel,WS-LEG-006,192.168.9.99,C:\Users\Public\Documents\Template.docx,,,Info,False
1354,2024-10-26 14:21:59,4688,A new process has been created,CORP.LOCAL\priya.rao,WS-HR-002,192.168.9.70,,word.exe,,Info,False
1355,2024-10-23 17:23:26,4634,An account was logged off,CORP.LOCAL\priya.rao,WS-HR-002,192.168.9.235,,,,Info,False
1356,2024-10-04 05:01:30,4663,An attempt was made to access an object,CORP.LOCAL\sara.kim,WS-SAL-004,192.168.5.108,C:\Legal\Contracts_Confidential.docx,,AccessMask=0x2 | ReadData=True,High,True
1357,2024-10-10 16:18:57,4663,An attempt was made to access an object,CORP.LOCAL\david.jones,WS-IT-003,192.168.3.184,C:\Users\david.jones\Downloads\Report.pdf,,,Info,False
1358,2024-10-17 08:53:07,4634,An account was logged off,CORP.LOCAL\mike.chen,WS-FIN-005,192.168.3.79,,,,Info,False
1359,2024-10-27 17:49:43,4663,An attempt was made to access an object,CORP.LOCAL\emily.brown,WS-MAR-008,192.168.6.62,C:\Users\emily.brown\Downloads\Report.pdf,,,Info,False
1360,2024-10-10 10:48:16,4624,An account was successfully logged on,CORP.LOCAL\john.smith,WS-FIN-001,192.168.4.198,,,,Info,False
1361,2024-10-01 12:06:37,4663,An attempt was made to access an object,CORP.LOCAL\emily.brown,WS-MAR-008,192.168.5.149,C:\Program Files\Office\Word.exe,,,Info,False
1362,2024-10-11 17:42:24,4624,An account was successfully logged on,CORP.LOCAL\mike.chen,WS-FIN-005,192.168.8.147,,,,Info,False
1363,2024-10-13 22:08:36,4663,An attempt was made to access an object,CORP.LOCAL\sara.kim,WS-SAL-004,192.168.7.49,C:\HR\Performance_Reviews_2024.docx,,AccessMask=0x2 | ReadData=True,High,True
1364,2024-10-09 02:17:19,4624,An account was successfully logged on,CORP.LOCAL\sara.kim,WS-SAL-004,192.168.7.45,,,LogonType=3 | OffHoursLogin=True,Medium,True
1365,2024-10-25 11:59:34,4634,An account was logged off,CORP.LOCAL\anita.patel,WS-LEG-006,192.168.4.184,,,,Info,False
1366,2024-10-11 12:16:54,1102,The audit log was cleared,CORP.LOCAL\ravi.kumar,DC01,192.168.7.181,,,SubjectUserName=ravi.kumar | AuditLogCleared=True,Critical,True
1367,2024-10-15 16:04:19,4663,An attempt was made to access an object,CORP.LOCAL\david.jones,WS-IT-003,192.168.8.11,C:\Windows\System32\notepad.exe,,,Info,False
1368,2024-10-22 14:09:52,4624,An account was successfully logged on,CORP.LOCAL\mike.chen,WS-FIN-005,192.168.10.200,,,,Info,False
1369,2024-10-03 10:45:13,4624,An account was successfully logged on,CORP.LOCAL\priya.rao,WS-HR-002,192.168.7.179,,,,Info,False
1370,2024-10-19 12:37:46,4672,Special privileges assigned to new logon,CORP.LOCAL\david.jones,WS-IT-003,192.168.1.68,,,,Low,False
1371,2024-10-20 17:41:40,4688,A new process has been created,CORP.LOCAL\anita.patel,WS-LEG-006,192.168.6.223,,excel.exe,,Info,False
1372,2024-10-19 17:27:57,4634,An account was logged off,CORP.LOCAL\anita.patel,WS-LEG-006,192.168.7.94,,,,Info,False
1373,2024-10-13 02:34:20,4688,A new process has been created,CORP.LOCAL\ravi.kumar,WS-IT-007,192.168.10.164,,psexec.exe,CommandLine=psexec.exe /dump | ParentProcess=powershell.exe,Critical,True
1374,2024-10-29 15:39:00,4688,A new process has been created,CORP.LOCAL\priya.rao,WS-HR-002,192.168.2.6,,excel.exe,,Info,False
1375,2024-10-01 16:43:28,4728,A member was added to a security-enabled global group,CORP.LOCAL\sara.kim,DC01,192.168.1.180,,,GroupName=Domain Admins | MemberAdded=sara.kim,Critical,True
1376,2024-10-05 15:33:29,4624,An account was successfully logged on,CORP.LOCAL\john.smith,WS-FIN-001,192.168.6.207,,,,Info,False
1377,2024-10-15 09:40:52,4624,An account was successfully logged on,CORP.LOCAL\anita.patel,WS-LEG-006,192.168.10.58,,,,Info,False
1378,2024-10-20 09:00:29,4625,An account failed to log on,CORP.LOCAL\david.jones,WS-IT-003,192.168.10.27,,,BadPasswordCount=1,Low,False
1379,2024-10-25 15:33:26,4672,Special privileges assigned to new logon,CORP.LOCAL\mike.chen,WS-FIN-005,192.168.7.212,,,,Low,False
1380,2024-10-17 11:57:54,7045,A new service was installed,CORP.LOCAL\ravi.kumar,DC01,192.168.7.181,,,ServiceName=WinUpdSvc | ServiceFile=C:\Windows\Temp\svc.exe | StartType=Auto,Critical,True
1381,2024-10-26 00:50:57,4624,An account was successfully logged on,CORP.LOCAL\ravi.kumar,WS-IT-007,192.168.5.167,,,LogonType=10 | OffHoursLogin=True | RDP=True,Medium,True
1382,2024-10-08 16:31:40,4688,A new process has been created,CORP.LOCAL\david.jones,WS-IT-003,192.168.5.114,,word.exe,,Info,False
1383,2024-10-07 15:00:27,4625,An account failed to log on,CORP.LOCAL\sara.kim,DC01,192.168.3.114,,,TargetUser=CORP.LOCAL\emily.brown | FailureReason=WrongPassword,High,True
1384,2024-10-27 14:54:57,4624,An account was successfully logged on,CORP.LOCAL\mike.chen,WS-FIN-005,192.168.6.78,,,,Info,False
1385,2024-10-15 16:08:24,4624,An account was successfully logged on,CORP.LOCAL\mike.chen,WS-FIN-005,192.168.4.229,,,,Info,False
1386,2024-10-11 17:25:49,4624,An account was successfully logged on,CORP.LOCAL\john.smith,WS-FIN-001,192.168.10.246,,,,Info,False
1387,2024-10-12 22:03:55,4663,An attempt was made to access an object,CORP.LOCAL\sara.kim,WS-SAL-004,192.168.1.126,C:\Finance\Payroll_Oct2024.xlsx,,AccessMask=0x2 | ReadData=True,High,True
1388,2024-10-24 11:26:58,4648,A logon was attempted using explicit credentials,CORP.LOCAL\ravi.kumar,WS-IT-007,192.168.6.71,WS-LEG-006,,ExplicitCredentials=True | TargetServer=WS-LEG-006,High,True
1389,2024-10-20 21:40:20,4663,An attempt was made to access an object,CORP.LOCAL\sara.kim,WS-SAL-004,192.168.7.158,C:\Finance\Payroll_Oct2024.xlsx,,AccessMask=0x2 | ReadData=True,High,True
1390,2024-10-08 10:34:46,4663,An attempt was made to access an object,CORP.LOCAL\emily.brown,WS-MAR-008,192.168.3.120,C:\Users\emily.brown\Downloads\Report.pdf,,,Info,False
1391,2024-10-21 09:46:29,4625,An account failed to log on,CORP.LOCAL\sara.kim,DC01,192.168.1.224,,,TargetUser=CORP.LOCAL\anita.patel | FailureReason=WrongPassword,High,True
1392,2024-10-13 14:38:04,4624,An account was successfully logged on,CORP.LOCAL\john.smith,WS-FIN-001,192.168.3.204,,,,Info,False
1393,2024-10-08 06:46:54,4688,A new process has been created,CORP.LOCAL\ravi.kumar,WS-IT-007,192.168.1.64,,wmic.exe,CommandLine=wmic.exe /dump | ParentProcess=powershell.exe,Critical,True
1394,2024-10-10 17:45:05,4624,An account was successfully logged on,CORP.LOCAL\david.jones,WS-IT-003,192.168.7.35,,,,Info,False
1395,2024-10-29 12:21:20,4663,An attempt was made to access an object,CORP.LOCAL\john.smith,WS-FIN-001,192.168.9.22,C:\Program Files\Office\Word.exe,,,Info,False
1396,2024-10-18 12:00:45,4634,An account was logged off,CORP.LOCAL\priya.rao,WS-HR-002,192.168.3.72,,,,Info,False
1397,2024-10-12 11:15:29,4634,An account was logged off,CORP.LOCAL\anita.patel,WS-LEG-006,192.168.3.72,,,,Info,False
1398,2024-10-23 10:48:52,4624,An account was successfully logged on,CORP.LOCAL\david.jones,WS-IT-003,192.168.4.152,,,,Info,False
1399,2024-10-13 11:00:16,4634,An account was logged off,CORP.LOCAL\priya.rao,WS-HR-002,192.168.4.116,,,,Info,False
1400,2024-10-30 10:52:20,4672,Special privileges assigned to new logon,CORP.LOCAL\priya.rao,WS-HR-002,192.168.10.186,,,,Low,False
1401,2024-10-11 13:14:01,4672,Special privileges assigned to new logon,CORP.LOCAL\mike.chen,WS-FIN-005,192.168.2.216,,,,Low,False
1402,2024-10-02 00:16:13,4688,A new process has been created,CORP.LOCAL\ravi.kumar,WS-IT-007,192.168.1.244,,mimikatz.exe,CommandLine=mimikatz.exe /dump | ParentProcess=powershell.exe,Critical,True
1403,2024-10-09 13:20:28,1102,The audit log was cleared,CORP.LOCAL\ravi.kumar,DC01,192.168.4.21,,,SubjectUserName=ravi.kumar | AuditLogCleared=True,Critical,True
1404,2024-10-03 10:39:56,4688,A new process has been created,CORP.LOCAL\mike.chen,WS-FIN-005,192.168.2.81,,outlook.exe,,Info,False
1405,2024-10-26 05:44:57,4663,An attempt was made to access an object,CORP.LOCAL\sara.kim,WS-SAL-004,192.168.9.154,C:\Finance\Q3_Budget_2024.xlsx,,AccessMask=0x2 | ReadData=True,High,True
1406,2024-10-25 13:57:43,4625,An account failed to log on,CORP.LOCAL\sara.kim,DC01,192.168.8.203,,,TargetUser=CORP.LOCAL\emily.brown | FailureReason=WrongPassword,High,True
1407,2024-10-22 17:26:11,4634,An account was logged off,CORP.LOCAL\anita.patel,WS-LEG-006,192.168.2.136,,,,Info,False
1408,2024-10-26 16:53:42,4663,An attempt was made to access an object,CORP.LOCAL\anita.patel,WS-LEG-006,192.168.6.20,C:\Users\anita.patel\Downloads\Report.pdf,,,Info,False
1409,2024-10-19 03:51:03,6416,A new external device was recognized by the system,CORP.LOCAL\sara.kim,WS-SAL-004,192.168.6.138,USB\VID_090C&PID_1000\2024_SANDISK_16GB,,DeviceType=RemovableStorage | CopyDetected=True,High,True
1410,2024-10-23 17:29:53,4624,An account was successfully logged on,CORP.LOCAL\mike.chen,WS-FIN-005,192.168.6.45,,,,Info,False
1411,2024-10-11 11:31:17,4625,An account failed to log on,CORP.LOCAL\sara.kim,DC01,192.168.7.213,,,TargetUser=CORP.LOCAL\priya.rao | FailureReason=WrongPassword,High,True
1412,2024-10-14 10:00:59,4648,A logon was attempted using explicit credentials,CORP.LOCAL\ravi.kumar,WS-IT-007,192.168.1.61,WS-SAL-004,,ExplicitCredentials=True | TargetServer=WS-SAL-004,High,True
1413,2024-10-24 14:55:58,4634,An account was logged off,CORP.LOCAL\john.smith,WS-FIN-001,192.168.1.249,,,,Info,False
1414,2024-10-29 11:03:15,4688,A new process has been created,CORP.LOCAL\david.jones,WS-IT-003,192.168.10.244,,word.exe,,Info,False
1415,2024-10-11 03:09:45,6416,A new external device was recognized by the system,CORP.LOCAL\sara.kim,WS-SAL-004,192.168.4.196,USB\VID_090C&PID_1000\2024_SANDISK_16GB,,DeviceType=RemovableStorage | CopyDetected=True,High,True
1416,2024-10-10 16:41:22,4634,An account was logged off,CORP.LOCAL\david.jones,WS-IT-003,192.168.5.94,,,,Info,False
1417,2024-10-04 14:35:00,4624,An account was successfully logged on,CORP.LOCAL\david.jones,WS-IT-003,192.168.8.143,,,,Info,False
1418,2024-10-28 13:52:07,4728,A member was added to a security-enabled global group,CORP.LOCAL\sara.kim,DC01,192.168.7.179,,,GroupName=Domain Admins | MemberAdded=sara.kim,Critical,True
1419,2024-10-22 17:01:48,4688,A new process has been created,CORP.LOCAL\emily.brown,WS-MAR-008,192.168.5.149,,outlook.exe,,Info,False
1420,2024-10-27 16:08:40,7045,A new service was installed,CORP.LOCAL\ravi.kumar,DC01,192.168.7.21,,,ServiceName=WinUpdSvc | ServiceFile=C:\Windows\Temp\svc.exe | StartType=Auto,Critical,True
1421,2024-10-24 09:03:25,4688,A new process has been created,CORP.LOCAL\mike.chen,WS-FIN-005,192.168.6.206,,explorer.exe,,Info,False
1422,2024-10-13 11:47:02,4663,An attempt was made to access an object,CORP.LOCAL\emily.brown,WS-MAR-008,192.168.8.61,C:\Users\Public\Documents\Template.docx,,,Info,False
1423,2024-10-10 08:10:50,4688,A new process has been created,CORP.LOCAL\david.jones,WS-IT-003,192.168.10.193,,explorer.exe,,Info,False
1424,2024-10-17 12:35:00,4624,An account was successfully logged on,CORP.LOCAL\david.jones,WS-IT-003,192.168.10.181,,,,Info,False
1425,2024-10-11 08:29:05,4688,A new process has been created,CORP.LOCAL\mike.chen,WS-FIN-005,192.168.5.84,,outlook.exe,,Info,False
1426,2024-10-20 13:54:22,4634,An account was logged off,CORP.LOCAL\john.smith,WS-FIN-001,192.168.5.208,,,,Info,False
1427,2024-10-11 14:26:49,4625,An account failed to log on,CORP.LOCAL\david.jones,WS-IT-003,192.168.10.15,,,BadPasswordCount=1,Low,False
1428,2024-10-24 15:23:43,4634,An account was logged off,CORP.LOCAL\david.jones,WS-IT-003,192.168.5.151,,,,Info,False
1429,2024-10-19 06:31:09,6416,A new external device was recognized by the system,CORP.LOCAL\sara.kim,WS-SAL-004,192.168.5.162,USB\VID_058F&PID_6387\GENERIC_USB_8GB,,DeviceType=RemovableStorage | CopyDetected=True,High,True
1430,2024-10-14 06:43:31,4663,An attempt was made to access an object,CORP.LOCAL\sara.kim,WS-SAL-004,192.168.8.127,C:\Finance\Payroll_Oct2024.xlsx,,AccessMask=0x2 | ReadData=True,High,True
1431,2024-10-17 08:29:08,4634,An account was logged off,CORP.LOCAL\anita.patel,WS-LEG-006,192.168.7.118,,,,Info,False
1432,2024-10-21 22:00:39,4624,An account was successfully logged on,CORP.LOCAL\ravi.kumar,WS-IT-007,192.168.2.137,,,LogonType=10 | OffHoursLogin=True | RDP=True,Medium,True
1433,2024-10-22 01:49:15,4663,An attempt was made to access an object,CORP.LOCAL\sara.kim,WS-SAL-004,192.168.6.44,C:\HR\Employee_Salary_Data.csv,,AccessMask=0x2 | ReadData=True,High,True
1434,2024-10-11 17:36:33,4634,An account was logged off,CORP.LOCAL\john.smith,WS-FIN-001,192.168.5.54,,,,Info,False
1435,2024-10-11 11:53:54,4663,An attempt was made to access an object,CORP.LOCAL\ravi.kumar,WS-IT-007,192.168.3.25,C:\Finance\Q3_Budget_2024.xlsx,,AccessMask=0x40 | WriteData=True,High,True
1436,2024-10-02 16:29:26,4634,An account was logged off,CORP.LOCAL\mike.chen,WS-FIN-005,192.168.4.215,,,,Info,False
1437,2024-10-14 12:24:08,4663,An attempt was made to access an object,CORP.LOCAL\ravi.kumar,WS-IT-007,192.168.4.166,C:\HR\Employee_Salary_Data.csv,,AccessMask=0x40 | WriteData=True,High,True
1438,2024-10-26 09:29:06,4663,An attempt was made to access an object,CORP.LOCAL\ravi.kumar,WS-IT-007,192.168.3.33,C:\Sales\Client_Database_Full.csv,,AccessMask=0x40 | WriteData=True,High,True
1439,2024-10-19 15:19:55,4634,An account was logged off,CORP.LOCAL\anita.patel,WS-LEG-006,192.168.7.80,,,,Info,False
1440,2024-10-23 15:18:27,4624,An account was successfully logged on,CORP.LOCAL\mike.chen,WS-FIN-005,192.168.7.69,,,,Info,False
1441,2024-10-12 16:16:52,4624,An account was successfully logged on,CORP.LOCAL\anita.patel,WS-LEG-006,192.168.4.160,,,,Info,False
1442,2024-10-05 09:29:04,4663,An attempt was made to access an object,CORP.LOCAL\david.jones,WS-IT-003,192.168.4.222,C:\Windows\System32\notepad.exe,,,Info,False
1443,2024-10-11 17:38:41,4624,An account was successfully logged on,CORP.LOCAL\john.smith,WS-FIN-001,192.168.4.112,,,,Info,False
1444,2024-10-13 15:02:40,4634,An account was logged off,CORP.LOCAL\john.smith,WS-FIN-001,192.168.6.66,,,,Info,False
1445,2024-10-29 16:31:16,4663,An attempt was made to access an object,CORP.LOCAL\emily.brown,WS-MAR-008,192.168.1.25,C:\Windows\System32\notepad.exe,,,Info,False
1446,2024-10-10 16:18:41,4663,An attempt was made to access an object,CORP.LOCAL\anita.patel,WS-LEG-006,192.168.8.64,C:\Users\anita.patel\Documents\Meeting_Notes.docx,,,Info,False
1447,2024-10-08 04:41:05,4624,An account was successfully logged on,CORP.LOCAL\ravi.kumar,WS-IT-007,192.168.3.65,,,LogonType=10 | OffHoursLogin=True | RDP=True,Medium,True
1448,2024-10-24 10:12:13,4672,Special privileges assigned to new logon,CORP.LOCAL\anita.patel,WS-LEG-006,192.168.8.72,,,,Low,False
1449,2024-10-18 10:33:13,4688,A new process has been created,CORP.LOCAL\mike.chen,WS-FIN-005,192.168.6.171,,explorer.exe,,Info,False
1450,2024-10-15 20:45:13,4624,An account was successfully logged on,CORP.LOCAL\sara.kim,WS-SAL-004,192.168.1.245,,,LogonType=3 | OffHoursLogin=True,Medium,True
1451,2024-10-25 08:57:51,4720,A user account was created,CORP.LOCAL\ravi.kumar,DC01,192.168.5.16,,,NewAccount=svc_backup2 | CreatedBy=ravi.kumar,Critical,True
1452,2024-10-29 17:19:50,4672,Special privileges assigned to new logon,CORP.LOCAL\john.smith,WS-FIN-001,192.168.1.154,,,,Low,False
1453,2024-10-02 08:47:34,4624,An account was successfully logged on,CORP.LOCAL\mike.chen,WS-FIN-005,192.168.2.122,,,,Info,False
1454,2024-10-03 10:32:31,4672,Special privileges assigned to new logon,CORP.LOCAL\priya.rao,WS-HR-002,192.168.1.222,,,,Low,False
1455,2024-10-02 15:04:44,4634,An account was logged off,CORP.LOCAL\emily.brown,WS-MAR-008,192.168.3.114,,,,Info,False
1456,2024-10-10 09:49:39,4663,An attempt was made to access an object,CORP.LOCAL\priya.rao,WS-HR-002,192.168.4.184,C:\Users\priya.rao\Documents\Meeting_Notes.docx,,,Info,False
1457,2024-10-04 05:12:29,4663,An attempt was made to access an object,CORP.LOCAL\sara.kim,WS-SAL-004,192.168.5.173,C:\IT\Network_Topology_Internal.vsdx,,AccessMask=0x2 | ReadData=True,High,True
1458,2024-10-20 16:49:52,4663,An attempt was made to access an object,CORP.LOCAL\david.jones,WS-IT-003,192.168.10.174,C:\Users\david.jones\Documents\Meeting_Notes.docx,,,Info,False
1459,2024-10-09 11:29:07,4663,An attempt was made to access an object,CORP.LOCAL\anita.patel,WS-LEG-006,192.168.8.65,C:\Windows\System32\notepad.exe,,,Info,False
1460,2024-10-14 13:44:26,4663,An attempt was made to access an object,CORP.LOCAL\emily.brown,WS-MAR-008,192.168.3.78,C:\Users\emily.brown\Downloads\Report.pdf,,,Info,False
1461,2024-10-18 12:20:05,4648,A logon was attempted using explicit credentials,CORP.LOCAL\ravi.kumar,WS-IT-007,192.168.8.4,WS-FIN-005,,ExplicitCredentials=True | TargetServer=WS-FIN-005,High,True
1462,2024-10-16 12:48:52,4663,An attempt was made to access an object,CORP.LOCAL\mike.chen,WS-FIN-005,192.168.8.119,C:\Windows\System32\notepad.exe,,,Info,False
1463,2024-10-01 10:39:34,4663,An attempt was made to access an object,CORP.LOCAL\mike.chen,WS-FIN-005,192.168.7.153,C:\Users\mike.chen\Documents\Meeting_Notes.docx,,,Info,False
1464,2024-10-04 17:16:02,4624,An account was successfully logged on,CORP.LOCAL\john.smith,WS-FIN-001,192.168.5.47,,,,Info,False
1465,2024-10-15 09:33:58,4688,A new process has been created,CORP.LOCAL\john.smith,WS-FIN-001,192.168.1.186,,excel.exe,,Info,False
1466,2024-10-22 09:02:51,4625,An account failed to log on,CORP.LOCAL\priya.rao,WS-HR-002,192.168.7.159,,,BadPasswordCount=1,Low,False
1467,2024-10-27 08:33:02,4672,Special privileges assigned to new logon,CORP.LOCAL\anita.patel,WS-LEG-006,192.168.2.243,,,,Low,False
1468,2024-10-20 10:11:05,4663,An attempt was made to access an object,CORP.LOCAL\mike.chen,WS-FIN-005,192.168.7.160,C:\Program Files\Office\Word.exe,,,Info,False
1469,2024-10-24 15:25:26,4634,An account was logged off,CORP.LOCAL\priya.rao,WS-HR-002,192.168.2.82,,,,Info,False
1470,2024-10-30 04:05:32,4688,A new process has been created,CORP.LOCAL\ravi.kumar,WS-IT-007,192.168.4.251,,psexec.exe,CommandLine=psexec.exe /dump | ParentProcess=powershell.exe,Critical,True
1471,2024-10-03 06:50:24,4663,An attempt was made to access an object,CORP.LOCAL\sara.kim,WS-SAL-004,192.168.8.155,C:\Legal\Contracts_Confidential.docx,,AccessMask=0x2 | ReadData=True,High,True
1472,2024-10-25 14:32:28,4663,An attempt was made to access an object,CORP.LOCAL\david.jones,WS-IT-003,192.168.9.73,C:\Users\Public\Documents\Template.docx,,,Info,False
1473,2024-10-19 13:04:58,4634,An account was logged off,CORP.LOCAL\mike.chen,WS-FIN-005,192.168.2.17,,,,Info,False
1474,2024-10-27 17:18:06,4663,An attempt was made to access an object,CORP.LOCAL\emily.brown,WS-MAR-008,192.168.4.77,C:\Users\emily.brown\Downloads\Report.pdf,,,Info,False
1475,2024-10-20 10:50:57,4624,An account was successfully logged on,CORP.LOCAL\anita.patel,WS-LEG-006,192.168.4.86,,,,Info,False
1476,2024-10-09 01:10:27,4624,An account was successfully logged on,CORP.LOCAL\sara.kim,WS-SAL-004,192.168.8.39,,,LogonType=3 | OffHoursLogin=True,Medium,True
1477,2024-10-30 13:11:29,4634,An account was logged off,CORP.LOCAL\mike.chen,WS-FIN-005,192.168.9.89,,,,Info,False
1478,2024-10-05 11:30:04,4728,A member was added to a security-enabled global group,CORP.LOCAL\sara.kim,DC01,192.168.10.59,,,GroupName=Domain Admins | MemberAdded=sara.kim,Critical,True
1479,2024-10-06 22:40:27,6416,A new external device was recognized by the system,CORP.LOCAL\sara.kim,WS-SAL-004,192.168.10.37,USB\VID_1307&PID_0165\KINGSTON_32GB,,DeviceType=RemovableStorage | CopyDetected=True,High,True
1480,2024-10-27 16:18:14,4624,An account was successfully logged on,CORP.LOCAL\anita.patel,WS-LEG-006,192.168.1.37,,,,Info,False
1481,2024-10-19 13:53:59,4663,An attempt was made to access an object,CORP.LOCAL\anita.patel,WS-LEG-006,192.168.1.213,C:\Users\anita.patel\Downloads\Report.pdf,,,Info,False
1482,2024-10-07 14:15:16,4634,An account was logged off,CORP.LOCAL\anita.patel,WS-LEG-006,192.168.6.167,,,,Info,False
1483,2024-10-22 14:21:42,4624,An account was successfully logged on,CORP.LOCAL\priya.rao,WS-HR-002,192.168.8.9,,,,Info,False
1484,2024-10-23 13:36:18,4634,An account was logged off,CORP.LOCAL\priya.rao,WS-HR-002,192.168.5.7,,,,Info,False
1485,2024-10-04 09:25:42,4634,An account was logged off,CORP.LOCAL\mike.chen,WS-FIN-005,192.168.3.253,,,,Info,False
1486,2024-10-26 11:26:40,4624,An account was successfully logged on,CORP.LOCAL\david.jones,WS-IT-003,192.168.2.14,,,,Info,False
1487,2024-10-19 08:00:19,4624,An account was successfully logged on,CORP.LOCAL\mike.chen,WS-FIN-005,192.168.5.226,,,,Info,False
1488,2024-10-05 03:29:06,4624,An account was successfully logged on,CORP.LOCAL\sara.kim,WS-SAL-004,192.168.10.159,,,LogonType=3 | OffHoursLogin=True,Medium,True
1489,2024-10-28 12:04:41,4634,An account was logged off,CORP.LOCAL\john.smith,WS-FIN-001,192.168.2.159,,,,Info,False
1490,2024-10-11 06:22:27,4624,An account was successfully logged on,CORP.LOCAL\ravi.kumar,WS-IT-007,192.168.10.188,,,LogonType=10 | OffHoursLogin=True | RDP=True,Medium,True
1491,2024-10-18 10:08:46,4663,An attempt was made to access an object,CORP.LOCAL\priya.rao,WS-HR-002,192.168.8.49,C:\Windows\System32\notepad.exe,,,Info,False
1492,2024-10-29 17:20:48,4672,Special privileges assigned to new logon,CORP.LOCAL\anita.patel,WS-LEG-006,192.168.8.158,,,,Low,False
1493,2024-10-22 12:32:19,4663,An attempt was made to access an object,CORP.LOCAL\david.jones,WS-IT-003,192.168.7.85,C:\Users\Public\Documents\Template.docx,,,Info,False
1494,2024-10-21 09:57:40,4663,An attempt was made to access an object,CORP.LOCAL\priya.rao,WS-HR-002,192.168.1.81,C:\Program Files\Office\Word.exe,,,Info,False
1495,2024-10-14 11:47:05,4625,An account failed to log on,CORP.LOCAL\emily.brown,WS-MAR-008,192.168.2.196,,,BadPasswordCount=1,Low,False
1496,2024-10-16 09:43:14,4688,A new process has been created,CORP.LOCAL\mike.chen,WS-FIN-005,192.168.1.160,,word.exe,,Info,False
1497,2024-10-24 09:56:06,4624,An account was successfully logged on,CORP.LOCAL\emily.brown,WS-MAR-008,192.168.3.69,,,,Info,False
1498,2024-10-19 08:25:03,4688,A new process has been created,CORP.LOCAL\david.jones,WS-IT-003,192.168.9.51,,word.exe,,Info,False
1499,2024-10-19 10:55:09,4634,An account was logged off,CORP.LOCAL\david.jones,WS-IT-003,192.168.7.19,,,,Info,False
1500,2024-10-03 16:02:25,4648,A logon was attempted using explicit credentials,CORP.LOCAL\ravi.kumar,WS-IT-007,192.168.8.223,WS-SAL-004,,ExplicitCredentials=True | TargetServer=WS-SAL-004,High,True
1501,2024-10-21 05:46:13,4624,An account was successfully logged on,CORP.LOCAL\ravi.kumar,WS-IT-007,192.168.3.114,,,LogonType=10 | OffHoursLogin=True | RDP=True,Medium,True
1502,2024-10-11 10:28:29,4663,An attempt was made to access an object,CORP.LOCAL\ravi.kumar,WS-IT-007,192.168.7.32,C:\HR\Employee_Salary_Data.csv,,AccessMask=0x40 | WriteData=True,High,True
1503,2024-10-17 16:18:29,4672,Special privileges assigned to new logon,CORP.LOCAL\mike.chen,WS-FIN-005,192.168.10.112,,,,Low,False
1504,2024-10-25 08:05:59,4663,An attempt was made to access an object,CORP.LOCAL\john.smith,WS-FIN-001,192.168.4.44,C:\Users\john.smith\Downloads\Report.pdf,,,Info,False
1505,2024-10-16 06:07:15,4624,An account was successfully logged on,CORP.LOCAL\ravi.kumar,WS-IT-007,192.168.4.128,,,LogonType=10 | OffHoursLogin=True | RDP=True,Medium,True
1506,2024-10-17 15:49:23,4663,An attempt was made to access an object,CORP.LOCAL\john.smith,WS-FIN-001,192.168.10.29,C:\Users\john.smith\Documents\Meeting_Notes.docx,,,Info,False
1507,2024-10-05 02:23:44,4663,An attempt was made to access an object,CORP.LOCAL\sara.kim,WS-SAL-004,192.168.9.101,C:\HR\Employee_Salary_Data.csv,,AccessMask=0x2 | ReadData=True,High,True
1508,2024-10-02 13:24:36,4688,A new process has been created,CORP.LOCAL\priya.rao,WS-HR-002,192.168.10.41,,word.exe,,Info,False
1509,2024-10-07 06:00:45,4663,An attempt was made to access an object,CORP.LOCAL\sara.kim,WS-SAL-004,192.168.4.73,C:\HR\Performance_Reviews_2024.docx,,AccessMask=0x2 | ReadData=True,High,True
1510,2024-10-27 10:34:02,4625,An account failed to log on,CORP.LOCAL\john.smith,WS-FIN-001,192.168.6.151,,,BadPasswordCount=1,Low,False
1511,2024-10-25 12:28:23,4624,An account was successfully logged on,CORP.LOCAL\david.jones,WS-IT-003,192.168.1.243,,,,Info,False
1512,2024-10-19 10:49:49,4663,An attempt was made to access an object,CORP.LOCAL\ravi.kumar,WS-IT-007,192.168.2.41,C:\Sales\Client_Database_Full.csv,,AccessMask=0x40 | WriteData=True,High,True
1513,2024-10-26 10:04:30,4634,An account was logged off,CORP.LOCAL\priya.rao,WS-HR-002,192.168.5.88,,,,Info,False
1514,2024-10-25 11:09:23,4634,An account was logged off,CORP.LOCAL\emily.brown,WS-MAR-008,192.168.3.140,,,,Info,False
1515,2024-10-11 10:47:59,4688,A new process has been created,CORP.LOCAL\priya.rao,WS-HR-002,192.168.7.207,,explorer.exe,,Info,False
1516,2024-10-29 17:54:40,4688,A new process has been created,CORP.LOCAL\emily.brown,WS-MAR-008,192.168.7.213,,chrome.exe,,Info,False
1517,2024-10-27 17:13:04,4672,Special privileges assigned to new logon,CORP.LOCAL\priya.rao,WS-HR-002,192.168.9.55,,,,Low,False
1518,2024-10-22 14:24:05,4634,An account was logged off,CORP.LOCAL\mike.chen,WS-FIN-005,192.168.9.36,,,,Info,False
1519,2024-10-12 15:05:30,4634,An account was logged off,CORP.LOCAL\anita.patel,WS-LEG-006,192.168.7.87,,,,Info,False
1520,2024-10-09 17:28:26,4663,An attempt was made to access an object,CORP.LOCAL\mike.chen,WS-FIN-005,192.168.4.195,C:\Users\mike.chen\Documents\Meeting_Notes.docx,,,Info,False
1521,2024-10-20 11:43:48,4688,A new process has been created,CORP.LOCAL\mike.chen,WS-FIN-005,192.168.2.136,,chrome.exe,,Info,False
1522,2024-10-04 11:08:47,4624,An account was successfully logged on,CORP.LOCAL\emily.brown,WS-MAR-008,192.168.5.64,,,,Info,False
1523,2024-10-13 21:12:47,4624,An account was successfully logged on,CORP.LOCAL\ravi.kumar,WS-IT-007,192.168.9.157,,,LogonType=10 | OffHoursLogin=True | RDP=True,Medium,True
1524,2024-10-24 08:46:56,4624,An account was successfully logged on,CORP.LOCAL\john.smith,WS-FIN-001,192.168.3.118,,,,Info,False
1525,2024-10-07 09:01:04,4663,An attempt was made to access an object,CORP.LOCAL\ravi.kumar,WS-IT-007,192.168.8.209,C:\Finance\Merger_Plans_Restricted.pdf,,AccessMask=0x40 | WriteData=True,High,True
1526,2024-10-13 16:50:01,4663,An attempt was made to access an object,CORP.LOCAL\ravi.kumar,WS-IT-007,192.168.6.124,C:\Sales\Client_Database_Full.csv,,AccessMask=0x40 | WriteData=True,High,True
1527,2024-10-27 09:57:54,4663,An attempt was made to access an object,CORP.LOCAL\ravi.kumar,WS-IT-007,192.168.6.33,C:\Legal\Contracts_Confidential.docx,,AccessMask=0x40 | WriteData=True,High,True
1528,2024-10-11 11:29:20,4634,An account was logged off,CORP.LOCAL\david.jones,WS-IT-003,192.168.7.73,,,,Info,False
1529,2024-10-29 11:55:25,4634,An account was logged off,CORP.LOCAL\mike.chen,WS-FIN-005,192.168.1.44,,,,Info,False
1530,2024-10-03 23:43:41,4688,A new process has been created,CORP.LOCAL\ravi.kumar,WS-IT-007,192.168.5.180,,wmic.exe,CommandLine=wmic.exe /dump | ParentProcess=powershell.exe,Critical,True
1531,2024-10-04 14:17:12,4634,An account was logged off,CORP.LOCAL\emily.brown,WS-MAR-008,192.168.8.25,,,,Info,False
1532,2024-10-23 12:45:13,4624,An account was successfully logged on,CORP.LOCAL\anita.patel,WS-LEG-006,192.168.5.199,,,,Info,False
1533,2024-10-04 01:59:27,4688,A new process has been created,CORP.LOCAL\ravi.kumar,WS-IT-007,192.168.8.158,,wmic.exe,CommandLine=wmic.exe /dump | ParentProcess=powershell.exe,Critical,True
1534,2024-10-07 16:46:55,4688,A new process has been created,CORP.LOCAL\john.smith,WS-FIN-001,192.168.7.117,,explorer.exe,,Info,False
1535,2024-10-16 17:37:42,4624,An account was successfully logged on,CORP.LOCAL\john.smith,WS-FIN-001,192.168.5.216,,,,Info,False
1536,2024-10-10 11:54:14,4624,An account was successfully logged on,CORP.LOCAL\mike.chen,WS-FIN-005,192.168.9.123,,,,Info,False
1537,2024-10-17 13:28:57,4634,An account was logged off,CORP.LOCAL\david.jones,WS-IT-003,192.168.8.32,,,,Info,False
1538,2024-10-18 14:58:15,4663,An attempt was made to access an object,CORP.LOCAL\priya.rao,WS-HR-002,192.168.6.200,C:\Program Files\Office\Word.exe,,,Info,False
1539,2024-10-24 17:14:34,4663,An attempt was made to access an object,CORP.LOCAL\david.jones,WS-IT-003,192.168.1.235,C:\Users\Public\Documents\Template.docx,,,Info,False
1540,2024-10-10 16:54:07,4663,An attempt was made to access an object,CORP.LOCAL\david.jones,WS-IT-003,192.168.2.197,C:\Users\Public\Documents\Template.docx,,,Info,False
1541,2024-10-11 08:03:50,4624,An account was successfully logged on,CORP.LOCAL\emily.brown,WS-MAR-008,192.168.10.250,,,,Info,False
1542,2024-10-02 17:26:17,4663,An attempt was made to access an object,CORP.LOCAL\mike.chen,WS-FIN-005,192.168.6.57,C:\Users\mike.chen\Documents\Meeting_Notes.docx,,,Info,False
1543,2024-10-24 13:05:34,4625,An account failed to log on,CORP.LOCAL\john.smith,WS-FIN-001,192.168.4.15,,,BadPasswordCount=1,Low,False
1544,2024-10-18 14:28:35,4624,An account was successfully logged on,CORP.LOCAL\david.jones,WS-IT-003,192.168.2.49,,,,Info,False
1545,2024-10-26 15:37:35,4634,An account was logged off,CORP.LOCAL\anita.patel,WS-LEG-006,192.168.1.117,,,,Info,False
1546,2024-10-30 12:23:57,4624,An account was successfully logged on,CORP.LOCAL\anita.patel,WS-LEG-006,192.168.3.12,,,,Info,False
1547,2024-10-30 15:03:10,4663,An attempt was made to access an object,CORP.LOCAL\ravi.kumar,WS-IT-007,192.168.10.112,C:\Finance\Q3_Budget_2024.xlsx,,AccessMask=0x40 | WriteData=True,High,True
1548,2024-10-18 16:24:58,4624,An account was successfully logged on,CORP.LOCAL\john.smith,WS-FIN-001,192.168.3.129,,,,Info,False
1549,2024-10-30 10:02:18,4663,An attempt was made to access an object,CORP.LOCAL\emily.brown,WS-MAR-008,192.168.8.180,C:\Program Files\Office\Word.exe,,,Info,False
1550,2024-10-18 16:50:32,4624,An account was successfully logged on,CORP.LOCAL\david.jones,WS-IT-003,192.168.9.141,,,,Info,False
1551,2024-10-24 10:27:11,4663,An attempt was made to access an object,CORP.LOCAL\david.jones,WS-IT-003,192.168.9.249,C:\Users\david.jones\Documents\Meeting_Notes.docx,,,Info,False
1552,2024-10-22 08:36:55,4634,An account was logged off,CORP.LOCAL\emily.brown,WS-MAR-008,192.168.1.235,,,,Info,False
1553,2024-10-24 17:18:48,4663,An attempt was made to access an object,CORP.LOCAL\emily.brown,WS-MAR-008,192.168.8.61,C:\Users\emily.brown\Documents\Meeting_Notes.docx,,,Info,False
1554,2024-10-16 09:47:48,4624,An account was successfully logged on,CORP.LOCAL\john.smith,WS-FIN-001,192.168.4.248,,,,Info,False
1555,2024-10-08 08:53:49,4663,An attempt was made to access an object,CORP.LOCAL\ravi.kumar,WS-IT-007,192.168.3.52,C:\Finance\Q3_Budget_2024.xlsx,,AccessMask=0x40 | WriteData=True,High,True
1556,2024-10-15 06:39:43,4624,An account was successfully logged on,CORP.LOCAL\ravi.kumar,WS-IT-007,192.168.3.237,,,LogonType=10 | OffHoursLogin=True | RDP=True,Medium,True
